{
 "checksum": "/ipfs/QmVpyvfWQZ4wCsa7PtPYbXP9WTLys8hskhSqq7gk8dfxbG",
 "depth": 2,
 "entries": 31368,
 "errCount": 1211,
 "format": "csv",
 "formatConfig": {
  "headerRow": true,
  "lazyQuotes": true
 },
 "length": 2741688,
 "qri": "st:0",
 "schema": {
  "items": {
   "items": [
    {
     "title": "stop_name",
     "type": "string"
    },
    {
     "title": "daytime_routes",
     "type": "string"
    },
    {
     "title": "division",
     "type": "string"
    },
    {
     "title": "line",
     "type": "string"
    },
    {
     "title": "borough",
     "type": "string"
    },
    {
     "title": "structure",
     "type": "string"
    },
    {
     "title": "gtfs_longitude",
     "type": "number"
    },
    {
     "title": "gtfs_latitude",
     "type": "number"
    },
    {
     "title": "complex_id",
     "type": "integer"
    },
    {
     "title": "date",
     "type": "string"
    },
    {
     "title": "entries",
     "type": "integer"
    },
    {
     "title": "exits",
     "type": "integer"
    }
   ],
   "type": "array"
  },
  "type": "array"
 }
}