Start Date,Duration,city,suburb,city_suburb,count,mean_duration,median_duration,max_duration,11_15,120_,16_20,1_5,21_25,26_30,31_40,41_50,51_60,61_120,6_10,weekend
2019-01-02,358875,2138,11813,5601,19552,18.354899754500817,13,6578,4253,129,2918,2837,1943,1001,626,276,177,358,5034,False
2019-01-03,361027,2436,12537,6373,21346,16.913098472781787,12,5551,4802,102,3349,3143,2096,970,514,224,148,251,5747,False
2019-01-04,344051,2366,12435,5865,20666,16.648166069873223,12,6088,4596,100,3114,3267,1870,886,488,221,134,284,5706,False
2019-01-05,253234,947,10070,2753,13770,18.39026870007262,12,4244,2736,147,1897,2377,1254,767,469,257,175,242,3449,True
2019-01-06,294908,921,10549,2661,14131,20.869577524591325,13,3390,2767,158,1976,2162,1518,796,607,299,183,431,3234,True
2019-01-07,373467,2845,15020,7588,25453,14.67280870624288,12,2290,6018,66,3947,3766,2370,1201,523,184,86,138,7154,False
2019-01-08,392790,3139,16220,8136,27495,14.285870158210583,12,643,6458,59,4284,4022,2715,1246,559,200,92,186,7674,False
2019-01-09,398803,2888,15645,7817,26350,15.13483870967742,12,8080,6075,61,4174,4092,2478,1164,545,174,75,92,7420,False
2019-01-10,377337,3006,15133,7654,25793,14.629434342651107,12,7465,6141,63,4029,4053,2305,1085,510,165,72,101,7269,False
2019-01-11,399740,3085,15658,7436,26179,15.269490813247259,12,5822,6072,94,3856,4031,2420,1155,594,211,117,198,7431,False
2019-01-12,320286,1172,12314,3086,16572,19.32693700217234,13,4665,3338,131,2276,2527,1705,970,667,336,207,385,4030,True
2019-01-13,336153,1058,11926,3144,16128,20.84281994047619,14,3702,3021,152,2240,2395,1657,1020,730,376,257,528,3752,True
2019-01-14,417992,3109,16211,8557,27877,14.994152885891594,12,1769,6483,79,4433,4030,2686,1254,623,212,126,177,7774,False
2019-01-15,420444,3225,17205,8671,29101,14.447750936393938,12,873,6805,69,4535,4324,2877,1342,626,219,89,193,8022,False
2019-01-16,365227,2824,14112,7367,24303,15.028062379130148,12,8903,5711,52,3835,3768,2160,1083,431,149,66,115,6933,False
2019-01-17,387745,3127,14942,7780,25849,15.000386862161012,12,6963,5907,72,3974,4039,2424,1126,513,188,74,192,7340,False
2019-01-18,386192,2932,15053,7352,25337,15.242214942574101,12,4487,5896,99,3737,4057,2210,1102,557,188,120,186,7185,False
2019-01-19,313955,1281,11883,3324,16488,19.041424065987385,13,3618,3238,115,2272,2717,1649,909,626,334,220,330,4078,True
2019-01-20,372320,1047,12658,2915,16620,22.401925391095066,14,3357,2975,212,2287,2300,1907,1115,901,425,301,600,3597,True
2019-01-21,384747,2950,15417,7986,26353,14.599741964861686,12,1448,6155,76,4211,4033,2388,1174,552,171,85,140,7368,False
2019-01-22,319300,2818,13090,6973,22881,13.954809667409641,12,756,5417,50,3540,3397,2104,1009,449,132,69,110,6604,False
2019-01-23,369642,3034,14499,7696,25229,14.651472511791985,11,5333,5891,62,3860,4090,2280,998,473,144,57,170,7204,False
2019-01-24,349808,2986,13853,7310,24149,14.485403122282497,12,4013,5702,56,3687,3756,2164,1024,442,118,61,124,7015,False
2019-01-25,381953,2748,14362,6870,23980,15.927981651376147,12,4755,5442,111,3622,3603,2101,1173,592,245,130,226,6735,False
2019-01-26,311984,1126,10900,2868,14894,20.946958506781254,13,3717,2879,153,2002,2332,1423,873,653,320,196,368,3695,True
2019-01-27,199325,705,7768,2025,10498,18.986949895218135,12,2512,2062,87,1463,1828,999,545,372,163,127,197,2655,True
2019-01-28,380109,2883,14915,7840,25638,14.82600046805523,12,1573,6011,74,3991,3790,2511,1121,485,212,99,200,7144,False
2019-01-29,341151,2982,14005,7541,24528,13.908635029354208,12,742,5759,45,3737,3792,2264,1015,461,167,71,146,7071,False
2019-01-30,381695,2969,14585,7684,25238,15.123821221966875,12,6527,6026,61,3907,3716,2381,1178,550,178,91,174,6976,False
2019-01-31,335469,2896,13214,7135,23245,14.431877823187783,12,6633,5540,49,3625,3686,2005,929,432,118,69,107,6685,False
2019-02-01,186766,1622,7176,3944,12742,14.657510594883064,10,5502,2931,32,1773,2305,942,406,156,47,15,40,4095,False
2019-02-02,259285,1113,10189,2668,13970,18.56012884753042,12,4202,2747,118,1999,2430,1318,730,513,250,150,253,3462,True
2019-02-03,301143,957,10823,2683,14463,20.821613773076127,14,3204,2709,138,2044,2040,1587,955,732,332,271,422,3233,True
2019-02-04,253148,2048,10498,5560,18106,13.9814426157075,11,1374,4309,44,2749,2949,1510,683,292,90,60,82,5338,False
2019-02-05,350410,3022,14646,7737,25405,13.79295414288526,12,509,5986,43,3825,3919,2297,1095,508,176,90,125,7341,False
2019-02-06,418755,2926,15107,7932,25965,16.127671865973426,12,9314,6121,64,4013,3894,2536,1162,558,204,96,147,7170,False
2019-02-07,411006,3136,15411,7880,26427,15.552503121807243,12,7414,6207,87,4148,3946,2421,1164,537,196,77,128,7516,False
2019-02-08,267403,2092,10007,5231,17330,15.430063473744951,11,5084,4050,51,2428,3028,1479,615,308,90,42,100,5139,False
2019-02-09,364524,1216,12743,3244,17203,21.18955996047201,14,4782,3178,146,2465,2576,1802,1160,821,480,273,489,3813,True
2019-02-10,189633,736,8006,1957,10699,17.724366763248902,12,3191,2036,58,1452,1960,965,520,404,149,131,219,2805,True
2019-02-11,413591,3038,16060,8090,27188,15.21226276298367,12,1445,6385,91,4218,3990,2664,1273,578,221,115,268,7385,False
2019-02-12,406571,3264,16676,8519,28459,14.286201201728803,12,783,6602,67,4471,4252,2684,1295,589,192,131,183,7993,False
2019-02-13,440507,3257,17036,8614,28907,15.238765696890027,12,5785,6632,93,4583,4276,2792,1352,610,219,94,218,8038,False
2019-02-14,466026,3355,17292,8365,29012,16.06321522128774,12,3158,6624,149,4386,4321,2877,1323,711,310,174,296,7841,False
2019-02-15,544837,3136,17538,7901,28575,19.066911636045493,13,5442,6345,196,4397,3931,2861,1568,892,354,240,448,7343,False
2019-02-16,459103,1486,14994,3842,20322,22.591428009054226,15,5029,3631,257,2954,2797,2325,1411,1111,579,372,630,4255,True
2019-02-17,628647,1547,18392,4142,24081,26.10551887380092,18,2478,3915,457,3582,2414,3053,2075,1665,827,602,1351,4140,True
2019-02-18,358647,2553,13885,7192,23630,15.177613203554802,12,2089,5502,64,3725,3469,2394,1124,530,228,91,175,6328,False
2019-02-19,461442,3219,17152,8217,28588,16.141108157268786,13,809,6498,134,4507,3962,2756,1484,831,332,232,461,7391,False
2019-02-20,499467,2981,17531,8211,28723,17.389095846534136,13,6503,6487,156,4545,4024,2911,1356,761,369,232,429,7453,False
2019-02-21,550934,3086,18697,8399,30182,18.253727387184416,13,4813,6728,229,4773,3940,3141,1611,904,432,306,528,7590,False
2019-02-22,587782,3069,18616,7724,29409,19.98646672787242,13,4647,6175,351,4370,3906,2937,1645,1059,513,376,695,7382,False
2019-02-23,800949,1844,21777,5260,28881,27.732730861119766,18,4280,4712,615,4262,2845,3581,2347,1911,1037,794,1671,5106,True
2019-02-24,733805,1493,19825,4439,25757,28.489536824940792,18,3370,4256,667,3616,2488,3151,2142,1766,943,737,1631,4360,True
2019-02-25,556022,3194,19050,8952,31196,17.82350301320682,13,1878,6966,244,4942,4015,3298,1743,1006,411,270,542,7759,False
2019-02-26,589099,3374,21379,9800,34553,17.049141897953866,13,847,7785,239,5498,4524,3597,1944,1053,491,272,523,8627,False
2019-02-27,628483,3617,21540,9877,35034,17.939230461837074,13,8375,7753,212,5721,4473,3680,1942,1206,484,283,573,8707,False
2019-02-28,411723,3081,15728,8154,26963,15.269925453399102,12,4349,6398,88,4281,3902,2664,1204,592,185,109,149,7391,False
2019-03-01,479824,3202,16786,8018,28006,17.13290009283725,12,6092,6272,137,4157,4065,2715,1328,754,322,187,371,7698,False
2019-03-02,511361,1623,16540,4374,22537,22.68984336868261,15,3819,3977,265,3514,2888,2553,1515,1210,641,450,814,4710,True
2019-03-03,168433,640,7036,1876,9552,17.633270519262982,12,2832,1868,68,1325,1715,800,444,326,127,112,183,2584,True
2019-03-04,392144,2922,15473,7913,26308,14.905884141705945,12,1779,6058,84,4009,4069,2467,1184,620,215,86,165,7351,False
2019-03-05,437526,3319,17414,8633,29366,14.899066948171354,12,547,6940,100,4397,4226,2906,1382,722,248,142,272,8031,False
2019-03-06,370943,2948,14785,7502,25235,14.69954428373291,12,7039,5943,58,3789,3846,2325,1080,566,161,84,136,7247,False
2019-03-07,372787,2893,14418,7365,24676,15.107270222078133,12,5756,5808,76,3674,3858,2262,1008,485,188,77,143,7097,False
2019-03-08,354040,2715,13879,6816,23410,15.123451516445963,12,2429,5394,82,3559,3663,2148,968,559,203,95,222,6517,False
2019-03-09,433769,1437,14638,3623,19698,22.02096659559346,14,3400,3548,218,2744,2654,2232,1351,1052,562,368,627,4342,True
2019-03-10,227562,905,8963,2116,11984,18.988818424566087,13,2659,2295,90,1641,1966,1166,713,500,233,183,303,2894,True
2019-03-11,438413,2972,16445,8036,27453,15.969584380577714,12,2140,6384,101,4309,4017,2721,1382,738,240,143,267,7151,False
2019-03-12,285524,2519,12261,6748,21528,13.262913415087327,11,640,5038,23,3228,3471,1895,862,354,99,42,74,6442,False
2019-03-13,396867,3113,15665,7836,26614,14.911963628165626,12,8307,6201,80,3972,4248,2430,1154,526,177,74,148,7604,False
2019-03-14,341639,2742,13764,6979,23485,14.547115179902065,11,3141,5389,61,3447,3827,2023,936,470,156,101,169,6906,False
2019-03-15,407295,2964,15486,7424,25874,15.741477931514261,12,4209,5824,97,3883,3943,2479,1213,622,262,97,239,7215,False
2019-03-16,273688,1069,10611,2740,14420,18.979750346740637,12,2321,2721,112,1991,2433,1388,835,620,257,187,293,3583,True
2019-03-17,314101,955,10765,2525,14245,22.04991224991225,14,2251,2583,185,2069,2151,1489,859,643,330,239,477,3220,True
2019-03-18,423004,3068,16269,8211,27548,15.355161899230435,12,1425,6328,113,4333,3949,2720,1323,653,276,134,247,7472,False
2019-03-19,396955,3129,16015,8195,27339,14.519733713742273,12,846,6388,77,4109,4099,2639,1223,599,222,112,219,7652,False
2019-03-20,474301,3412,17837,8927,30176,15.71782211028632,12,5856,6962,110,4770,4358,3083,1448,795,306,142,258,7944,False
2019-03-21,511601,3387,18523,9137,31047,16.47827487357877,12,6444,7067,145,4879,4449,3146,1451,858,363,164,314,8211,False
2019-03-22,468260,3025,17127,7814,27966,16.743903311163557,12,5900,6274,157,4204,4198,2656,1353,756,294,144,337,7593,False
2019-03-23,628223,1743,19255,4588,25586,24.553388571875246,16,4253,4513,375,3903,2781,3123,2002,1569,810,500,1009,5001,True
2019-03-24,772962,1583,20782,4738,27103,28.519425893812492,18,3055,4308,728,3732,2551,3430,2406,1956,998,735,1763,4496,True
2019-03-25,526586,3092,18761,9078,30931,17.024538488894635,13,1618,6872,187,4871,4151,3295,1690,961,391,216,416,7881,False
2019-03-26,504659,3301,19029,9281,31611,15.964664199171175,13,1191,7131,128,5180,4272,3333,1627,914,369,151,401,8105,False
2019-03-27,514282,3275,18545,9172,30992,16.59402426432628,12,6021,7079,139,4961,4357,3137,1533,832,311,168,328,8147,False
2019-03-28,532685,3508,19115,9385,32008,16.642245688577855,13,3244,7208,147,5074,4362,3287,1625,923,350,162,407,8463,False
2019-03-29,701930,3603,21871,9520,34994,20.05858147110933,14,4636,7407,359,5428,4364,3816,2061,1362,640,380,779,8398,False
2019-03-30,938296,2295,24272,6045,32612,28.77149515515761,18,4354,5482,754,4894,2866,4246,2811,2146,1197,808,1759,5649,True
2019-03-31,478225,1347,15128,3631,20106,23.78518850094499,16,2739,3492,299,2999,2424,2257,1549,1105,571,407,1023,3980,True
2019-04-01,565461,3140,19366,9054,31560,17.917015209125474,13,2006,6883,231,4978,4110,3392,1755,998,438,256,607,7912,False
2019-04-02,341022,2839,14044,7440,24323,14.020556674752292,12,645,5664,53,3806,3708,2270,1067,476,168,59,130,6922,False
2019-04-03,400938,3083,15868,7896,26847,14.934182590233545,12,3228,6209,72,4174,4030,2592,1213,597,212,135,200,7413,False
2019-04-04,387538,3014,14436,7834,25284,15.327400727732954,12,5681,5900,78,3874,3937,2271,1075,570,217,100,160,7102,False
2019-04-05,464708,3107,16339,7882,27328,17.004830210772834,12,4821,5976,148,4174,4002,2699,1299,859,328,188,371,7284,False
2019-04-06,426925,1401,14811,3976,20188,21.147463839904894,14,4595,3718,211,2886,2907,2086,1364,957,541,358,670,4490,True
2019-04-07,362892,1052,12669,2992,16713,21.71315742236582,14,3642,3086,210,2387,2256,1848,1061,848,445,282,623,3667,True
2019-04-08,429879,2693,16302,7265,26260,16.37010662604722,12,1696,5760,132,3921,3861,2583,1274,765,304,194,418,7048,False
2019-04-09,363633,2800,14876,7550,25226,14.415008324744312,12,693,5714,57,3947,3936,2458,1091,591,202,89,204,6937,False
2019-04-10,608361,3271,19519,8597,31387,19.382578774651925,13,7382,6731,265,4813,4443,3227,1620,992,424,245,625,8002,False
2019-04-11,562183,3164,18854,8637,30655,18.339031153156093,13,6074,6603,254,4836,4299,3203,1513,979,376,235,539,7818,False
2019-04-12,471817,3074,16467,7626,27167,17.367283837008134,12,2818,5815,165,4079,4021,2732,1358,797,387,226,408,7179,False
2019-04-13,434038,1375,14569,3697,19641,22.098569319281097,14,4717,3707,235,2761,2859,2012,1215,953,497,327,654,4421,True
2019-04-14,493474,1192,15958,3516,20666,23.878544469176425,16,3819,3617,337,2935,2486,2431,1498,1167,592,550,973,4080,True
2019-04-15,570570,3022,18966,8543,30531,18.688218531983885,13,1601,6449,305,4898,3953,3308,1752,1055,464,289,609,7449,False
2019-04-16,531573,3409,19017,9018,31444,16.90538735529831,13,703,7016,167,5094,4142,3362,1672,982,414,245,532,7818,False
2019-04-17,770569,3738,23125,9965,36828,20.923454979906595,14,8780,7681,477,5955,4320,4170,2326,1450,700,413,847,8489,False
2019-04-18,834552,3594,23380,9224,36198,23.055196419691697,14,7500,7571,552,5553,4185,4052,2183,1463,708,494,1183,8254,False
2019-04-19,1240103,2284,27227,6518,36029,34.41957867273585,20,6737,5427,1364,5269,2710,4777,3398,2503,1434,1014,2629,5504,False
2019-04-20,1442524,2254,29511,6361,38126,37.8357026700939,21,4099,5372,1791,5331,2578,5116,3542,3164,1922,1323,2930,5057,True
2019-04-21,1384780,2299,27762,6100,36161,38.29484804070684,22,3789,4954,1868,5255,2314,4851,3223,3033,1705,1303,3251,4404,True
2019-04-22,1138236,1806,27559,5624,34989,32.53125267941353,20,1439,5432,1430,5113,2622,4584,3094,2543,1513,948,2479,5231,False
2019-04-23,627043,3351,21777,9262,34390,18.233294562372784,14,890,7242,301,5618,4219,3767,2040,1237,584,329,736,8317,False
2019-04-24,602155,3312,21453,9541,34306,17.552468955867777,13,5552,7700,193,5395,4686,3659,1837,1115,426,255,453,8587,False
2019-04-25,602419,3633,20872,9591,34096,17.66831886438292,13,7022,7695,155,5380,4547,3518,1871,1094,424,252,416,8744,False
2019-04-26,575371,3381,19658,8666,31705,18.147642327708564,13,5733,7001,173,4845,4436,3273,1632,891,403,265,476,8310,False
2019-04-27,365373,1225,13558,3429,18212,20.062211728530638,13,4832,3497,163,2543,2918,1782,1017,768,350,242,477,4455,True
2019-04-28,530788,1377,17025,3975,22377,23.720248469410556,15,3891,3947,367,3300,2789,2479,1655,1222,675,422,946,4575,True
2019-04-29,562505,3298,20743,9387,33428,16.82736029675721,13,1450,7285,189,5410,4535,3539,1802,978,413,283,483,8511,False
2019-04-30,666169,3929,23842,10677,38448,17.32649292550978,13,692,8370,294,6120,4837,4164,2066,1372,589,319,618,9699,False
2019-05-01,683014,3923,23283,10403,37609,18.160918928979765,13,9320,8508,231,5947,4984,3876,2094,1215,516,287,518,9433,False
2019-05-02,549771,3565,19667,9035,32267,17.038181423745623,13,6832,7072,146,5074,4571,3367,1668,937,335,210,496,8391,False
2019-05-03,485083,2978,17193,7742,27913,17.378389997492206,12,4258,6109,176,4271,4035,2701,1319,806,328,183,398,7587,False
2019-05-04,445130,1279,14658,3637,19574,22.74088076019209,14,4364,3570,300,2847,2619,2090,1276,976,457,315,633,4491,True
2019-05-05,608037,1416,17235,3991,22642,26.854385654977474,16,3029,3916,483,3376,2562,2868,1719,1312,690,500,1044,4172,True
2019-05-06,525860,1302,17041,3845,22188,23.700198305390302,15,1501,3967,401,3169,2920,2542,1506,1139,572,393,974,4605,False
2019-05-07,542030,3585,20763,9913,34261,15.82061235807478,13,771,7741,122,5592,4580,3633,1820,975,412,216,393,8777,False
2019-05-08,317826,2073,12374,5630,20077,15.830353140409423,11,9147,4594,81,2855,3437,1762,808,375,129,89,113,5834,False
2019-05-09,429205,3063,16653,8416,28132,15.256824968007962,12,5263,6522,87,4478,4159,2778,1334,593,256,131,157,7637,False
2019-05-10,608201,3579,20822,9352,33753,18.019168666488905,13,5900,7335,229,5270,4388,3566,1776,1116,460,282,557,8774,False
2019-05-11,567093,1709,18786,4712,25207,22.497441186971873,15,4888,4602,320,3838,3233,2816,1723,1298,679,423,798,5477,True
2019-05-12,863699,1655,24337,5478,31470,27.44515411503019,18,2465,5257,786,4665,2960,4055,2582,2028,1108,858,1683,5488,True
2019-05-13,672384,3486,23403,10297,37186,18.081643629322862,14,1496,8042,273,6200,4508,4254,2143,1332,545,335,660,8894,False
2019-05-14,678087,3868,24457,10884,39209,17.294167155500013,14,605,8618,249,6507,4750,4415,2335,1346,582,339,622,9446,False
2019-05-15,738594,3671,24073,10922,38666,19.101898308591526,14,8523,8568,333,6288,4693,4408,2345,1369,549,276,574,9263,False
2019-05-16,701053,3795,23568,10687,38050,18.424520367936925,13,5756,8419,280,6222,4663,4194,2265,1387,545,252,593,9230,False
2019-05-17,480084,3173,18015,8407,29595,16.22179422199696,12,3895,6656,140,4453,4439,2807,1384,829,304,169,316,8098,False
2019-05-18,682609,2075,20324,5392,27791,24.562232377388362,16,4073,4773,470,3970,3221,3345,2284,1662,854,519,1117,5576,True
2019-05-19,676457,1660,19872,4864,26396,25.627254129413547,16,3253,4648,578,4027,2835,3179,1920,1556,804,612,1339,4898,True
2019-05-20,623405,3597,22061,10080,35738,17.443757345122837,13,2090,7985,211,5807,4601,3828,1979,1193,470,257,564,8843,False
2019-05-21,719513,3891,25763,11074,40728,17.66629836967197,14,1165,8948,275,6712,4773,4688,2457,1528,601,327,706,9713,False
2019-05-22,722548,3881,25140,10927,39948,18.087213377390608,13,8200,8923,292,6521,4909,4408,2308,1309,477,306,579,9916,False
2019-05-23,784022,4024,25920,10997,40941,19.15004518697638,14,5880,9111,331,6711,4824,4536,2491,1575,609,351,646,9756,False
2019-05-24,747872,3436,23896,9590,36922,20.255457450842318,14,6307,7838,349,5905,4413,4029,2266,1474,600,387,782,8879,False
2019-05-25,918920,1981,24882,5845,32708,28.094655741714565,18,4978,5606,806,4861,3016,4174,2731,2137,1201,799,1650,5727,True
2019-05-26,727220,1732,20158,4568,26458,27.485826593090938,17,3702,4537,636,3957,2537,3255,2077,1679,975,678,1399,4728,True
2019-05-27,743589,1603,21548,4819,27970,26.58523417947801,17,2280,4797,610,4333,2906,3390,2290,1651,892,607,1411,5083,False
2019-05-28,567315,3299,21375,9271,33945,16.71277065841803,13,1078,7445,171,5424,4525,3647,1820,1166,488,264,518,8477,False
2019-05-29,515257,3145,19023,8783,30951,16.64750735032794,12,4631,6914,158,4853,4459,3136,1492,891,299,187,388,8174,False
2019-05-30,787303,3789,24616,10641,39046,20.163473851354812,14,7655,8300,355,6350,4571,4534,2456,1490,656,422,745,9167,False
2019-05-31,782456,3754,24766,10107,38627,20.256711626582444,14,4825,8018,426,6081,4501,4338,2353,1689,775,468,1015,8963,False
2019-06-01,1183051,2430,30823,7016,40269,29.378703220839853,18,3560,6740,1179,6047,3643,4965,3186,2902,1503,966,2151,6987,True
2019-06-02,921270,1886,25767,5776,33429,27.55900565377367,17,3603,5943,853,4997,2988,4094,2749,2169,1107,789,1742,5998,True
2019-06-03,673680,3435,23303,10228,36966,18.22431423470216,14,2138,8015,270,5818,4529,4110,2226,1462,606,351,669,8910,False
2019-06-04,489158,3327,19167,9036,31530,15.514050111005393,12,725,7023,107,4977,4423,3221,1743,909,352,161,273,8341,False
2019-06-05,684865,3805,23333,10506,37644,18.19320476038678,13,8804,8379,247,6147,4943,3929,2052,1300,468,232,537,9410,False
2019-06-06,724770,3742,23466,10553,37761,19.19361245729721,13,7470,8315,270,6174,4608,4186,2197,1311,526,285,629,9260,False
2019-06-07,397794,2530,15595,6785,24910,15.969249297470895,12,5719,5581,112,3592,3858,2353,1104,651,242,135,290,6992,False
2019-06-08,676366,1878,19628,4836,26342,25.67633437096652,15,4219,4860,595,3844,3011,3139,1914,1434,698,500,1040,5307,True
2019-06-09,759222,1692,21929,5277,28898,26.27247560384802,17,3458,4907,633,4316,2921,3745,2417,1736,885,595,1486,5257,True
2019-06-10,189536,1389,7871,3963,13223,14.333812296755653,11,1830,3078,35,1836,2294,1102,478,196,53,44,79,4028,False
2019-06-11,542997,3584,20592,9622,33798,16.065950647967334,13,608,7666,192,5355,4675,3568,1709,963,345,192,423,8710,False
2019-06-12,406112,2621,15011,7515,25147,16.149520817592556,12,7834,5836,130,3845,3693,2488,1107,624,204,90,174,6956,False
2019-06-13,408102,2896,15566,7822,26284,15.526632171663369,12,4723,6089,75,4117,3912,2581,1195,537,209,85,192,7292,False
2019-06-14,629934,3319,21160,8879,33358,18.884045806103483,13,5149,7142,251,5281,4331,3507,1824,1191,553,277,657,8344,False
2019-06-15,672067,1893,20774,5081,27748,24.220376243332854,16,4105,4971,508,4136,3097,3344,2058,1580,805,573,1146,5530,True
2019-06-16,672380,1506,19730,4417,25653,26.210579659299107,17,2930,4455,530,3911,2608,3117,2090,1576,815,568,1249,4734,True
2019-06-17,728719,3682,24297,10369,38348,19.00279023677897,14,1655,8225,375,6294,4467,4275,2386,1413,606,386,785,9136,False
2019-06-18,456909,2992,17952,8394,29338,15.573965505487763,12,894,6574,123,4678,4196,3000,1504,787,265,172,299,7740,False
2019-06-19,569707,3411,20169,9225,32805,17.366468526139307,13,2993,7317,197,5156,4293,3487,1837,1033,441,192,380,8472,False
2019-06-20,744485,3660,23925,10343,37928,19.628902130352245,14,6905,8198,346,6143,4701,4187,2192,1369,655,355,688,9094,False
2019-06-21,785235,3695,24654,9842,38191,20.560734204393704,14,4319,7945,499,5972,4670,4277,2177,1623,711,425,885,9007,False
2019-06-22,1062011,2404,27604,6343,36351,29.215454870567523,18,4922,6094,934,5603,3338,4577,2972,2513,1360,871,1930,6159,True
2019-06-23,820994,1852,23354,5230,30436,26.97443816533053,18,3020,5092,712,4408,2913,3836,2620,2161,1056,700,1674,5264,True
2019-06-24,728506,3546,24087,10524,38157,19.09232906150903,14,2721,8228,353,6293,4322,4345,2363,1650,662,409,697,8835,False
2019-06-25,655806,3691,23714,10233,37638,17.424039534512993,13,766,8083,226,6125,4585,4198,2310,1304,600,332,687,9188,False
2019-06-26,746370,3929,24581,10703,39213,19.03373881110856,13,4544,8588,349,6290,4754,4346,2301,1392,554,335,706,9598,False
2019-06-27,868314,4064,25953,11227,41244,21.053098632528368,14,7460,8912,478,6688,4726,4744,2535,1643,710,378,836,9594,False
2019-06-28,832676,3612,25960,9935,39507,21.07666995722277,14,6092,8110,499,6287,4610,4410,2486,1680,730,489,1124,9082,False
2019-06-29,1178680,2041,29806,6253,38100,30.936482939632548,18,4236,6453,1227,5785,3277,4781,3172,2672,1434,935,2062,6302,True
2019-06-30,1011053,2096,25708,5727,33531,30.152783990933763,18,3370,5471,1072,4973,2941,4110,2731,2413,1311,903,2069,5537,True
2019-07-01,769612,3666,24791,10414,38871,19.799130457153147,14,1499,8192,418,6458,4422,4507,2396,1580,684,417,904,8893,False
2019-07-02,759322,3972,26906,11180,42058,18.054163298302345,14,895,9212,284,6871,4915,4753,2518,1659,690,419,856,9881,False
2019-07-03,878488,3998,27951,11493,43442,20.22208922241149,14,8173,9286,453,7127,4840,5171,2733,1878,821,383,915,9835,False
2019-07-04,955430,4188,28191,11797,44176,21.627806954002175,14,6111,9384,542,7242,4687,5163,2943,1875,890,487,998,9965,False
2019-07-05,894239,4016,27252,10700,41968,21.30763915364087,14,5339,8599,498,6879,4658,4834,2657,1818,860,551,1141,9473,False
2019-07-06,964654,2133,25036,6376,33545,28.75701296765539,17,4695,5710,816,4999,3228,4097,2826,2188,1231,806,1615,6029,True
2019-07-07,797375,2008,22133,5369,29510,27.020501524906813,17,2901,5087,683,4446,2780,3695,2396,1968,942,704,1493,5316,True
2019-07-08,749670,3729,25016,10522,39267,19.091603636641455,14,2203,8486,352,6329,4505,4541,2520,1507,732,410,781,9104,False
2019-07-09,734408,4040,25393,11409,40842,17.98168551980804,14,760,8908,313,6717,4691,4569,2483,1542,677,358,751,9833,False
2019-07-10,837668,4182,26506,11247,41935,19.97539048527483,14,6996,9100,422,7029,4793,4736,2654,1589,683,409,812,9708,False
2019-07-11,844583,4022,26234,11243,41499,20.35188799730114,14,5867,8843,491,6864,4673,4724,2571,1577,725,409,887,9735,False
2019-07-12,859518,4005,26362,10555,40922,21.003812130394408,14,5611,8603,485,6497,4652,4558,2595,1840,731,496,953,9512,False
2019-07-13,971871,2417,26843,6490,35750,27.1852027972028,17,5153,6119,898,5402,3350,4564,2957,2315,1210,813,1640,6482,True
2019-07-14,739034,1813,20540,5161,27514,26.86028930726176,17,3192,4836,611,4065,2864,3237,2208,1753,864,603,1340,5133,True
2019-07-15,752044,3623,24920,10520,39063,19.25207997337634,14,1487,8230,386,6454,4531,4524,2413,1480,641,455,841,9108,False
2019-07-16,814655,4026,27635,11374,43035,18.930056930405485,14,1064,9336,413,7004,4843,5100,2766,1666,793,461,961,9692,False
2019-07-17,839993,4066,26470,11050,41586,20.198937142307507,14,8127,8940,440,6883,4722,4842,2563,1597,693,378,891,9637,False
2019-07-18,658348,3515,21164,9213,33892,19.424879027499117,13,7705,7341,266,5496,4404,3583,1893,1144,493,253,554,8465,False
2019-07-19,454061,2732,15592,7023,25347,17.9137965045173,12,6258,5709,152,3918,3683,2413,1106,685,249,149,281,7002,False
2019-07-20,825385,2203,23114,5644,30961,26.65886114789574,17,4575,5420,643,4803,3010,3966,2443,1934,933,669,1428,5712,True
2019-07-21,920861,2005,25190,5637,32832,28.047666910331383,18,2983,5429,817,4935,3004,4193,2813,2137,1125,800,1906,5673,True
2019-07-22,845686,3834,26031,10585,40450,20.906946847960445,14,2727,8398,515,6623,4357,4850,2666,1656,787,481,1044,9073,False
2019-07-23,883194,3960,28447,11277,43684,20.217791411042946,14,1184,9089,565,7215,4739,5084,2963,1963,837,541,986,9702,False
2019-07-24,957907,3759,27158,10952,41869,22.87866918245002,15,9024,8777,526,7034,4482,4911,2865,1898,711,481,891,9293,False
2019-07-25,831544,3395,25203,10271,38869,21.393501247781007,14,6644,8180,471,6393,4180,4634,2562,1775,714,418,865,8677,False
2019-07-26,686603,3065,19981,8139,31185,22.017091550424883,13,5637,6584,351,4936,4008,3218,1795,1144,517,375,713,7544,False
2019-07-27,483913,1253,14759,3722,19734,24.5217898043985,15,4409,3729,340,2763,2476,2142,1406,1075,463,369,712,4259,True
2019-07-28,792429,1850,22198,4909,28957,27.365714680388162,18,3824,4821,599,4360,2778,3755,2466,1781,965,685,1647,5100,True
2019-07-29,874699,3747,26920,10342,41009,21.32943987905094,15,1534,8647,544,6689,4300,4849,2741,1774,795,591,1190,8889,False
2019-07-30,434795,2831,16378,7836,27045,16.076723978554263,12,1085,6130,125,4253,3772,2857,1428,748,251,127,283,7071,False
2019-07-31,789532,3724,24091,10071,37886,20.839676925513384,14,8609,8146,443,6041,4653,4200,2228,1411,590,363,858,8953,False
2019-08-01,838808,3958,24675,10763,39396,21.29170474159813,14,6406,8552,503,6314,4498,4342,2361,1534,699,412,887,9294,False
2019-08-02,872711,3592,24638,9604,37834,23.066844637098907,14,5755,7877,532,5948,4306,4275,2322,1633,699,539,1054,8649,False
2019-08-03,1303663,4066,26507,8304,38877,33.533014378681486,19,5301,5909,1509,5490,3196,4878,3284,2643,1580,1208,2933,6247,True
2019-08-04,976256,2087,26267,5550,33904,28.794714487966022,18,3362,5785,933,5158,2942,4412,2741,2158,1178,874,1942,5781,True
2019-08-05,698536,3068,21820,8780,33668,20.747772365450874,14,1967,7027,412,5300,4017,3769,2172,1341,668,379,807,7776,False
2019-08-06,728352,3522,24795,10504,38821,18.761804178151,14,1167,8148,322,6383,4613,4344,2429,1459,749,406,867,9101,False
2019-08-07,746764,3586,23674,10163,37423,19.954680276835102,14,7991,8081,349,6094,4553,4124,2276,1344,595,369,725,8913,False
2019-08-08,901868,3964,25480,10750,40194,22.437876299945266,14,6805,8349,545,6526,4569,4614,2487,1749,765,496,1004,9090,False
2019-08-09,621584,3185,19086,8077,30348,20.481876894688284,13,6158,6541,297,4627,3932,3129,1701,1121,484,266,628,7622,False
2019-08-10,626047,1816,19256,4559,25631,24.425383324880027,16,4847,4674,438,3825,2826,3199,1872,1502,708,474,917,5196,True
2019-08-11,823429,1772,22787,5025,29584,27.833592482422933,17,3833,4990,683,4519,2807,3812,2485,1870,1023,715,1538,5142,True
2019-08-12,550319,2766,18487,7959,29212,18.838799123647817,13,2442,6385,253,4699,3788,3091,1554,1002,475,293,518,7154,False
2019-08-13,777893,3743,24635,10482,38860,20.017833247555327,14,812,8153,477,6181,4412,4597,2398,1574,769,510,1034,8755,False
2019-08-14,293650,1994,11383,5600,18977,15.473994835853928,12,2903,4277,75,2942,3099,1748,771,369,136,62,137,5361,False
2019-08-15,851335,3808,23406,10429,37643,22.61602422761204,14,7819,8030,456,6203,4214,4230,2321,1460,723,472,947,8587,False
2019-08-16,414825,2513,14156,6473,23142,17.925200933367904,12,5996,5065,142,3554,3418,2258,1009,556,278,145,342,6375,False
2019-08-17,803990,1950,21765,5226,28941,27.780311668567084,16,4865,5049,655,4374,3098,3547,2232,1652,932,569,1319,5514,True
2019-08-18,635546,1570,18257,3958,23785,26.72045406768972,17,3424,4078,526,3562,2576,3174,1843,1384,681,481,1178,4302,True
2019-08-19,606033,3133,20577,8983,32693,18.537087449912825,13,2591,7032,257,5347,4099,3631,1884,1118,482,324,684,7835,False
2019-08-20,726818,3759,24397,10544,38700,18.780826873385013,14,917,8241,420,6326,4443,4520,2458,1403,601,434,841,9013,False
2019-08-21,748331,3748,23830,10304,37882,19.754263238477378,14,6448,8136,436,6074,4452,4272,2269,1417,631,364,812,9019,False
2019-08-22,761602,3694,23658,10290,37642,20.23277190372456,14,7833,8069,415,6105,4411,4317,2271,1376,640,366,817,8855,False
2019-08-23,773102,3279,23385,8961,35625,21.701108771929825,14,5209,7311,506,5647,4105,4153,2158,1470,712,459,1002,8102,False
2019-08-24,874773,2009,22805,5541,30355,28.818085982539944,18,4919,5068,865,4539,2806,4128,2650,1983,1018,635,1594,5069,True
2019-08-25,957438,1873,24277,4845,30995,30.89007904500726,19,3554,4947,953,4789,2555,4129,2643,2201,1246,880,1833,4819,True
2019-08-26,942329,1806,25598,5338,32742,28.78043491539918,18,2245,5427,902,5134,2687,4389,2896,2164,1140,724,1865,5414,False
2019-08-27,715086,3606,23323,10024,36953,19.35122994073553,14,1244,7922,368,6075,4029,4348,2354,1414,644,410,849,8540,False
2019-08-28,691490,3440,23172,9635,36247,19.07716500675918,14,8229,7845,305,5840,4423,4056,2139,1299,526,367,755,8692,False
2019-08-29,774574,3600,23930,10428,37958,20.40608040465778,14,6404,8213,408,5972,4450,4367,2335,1441,621,372,773,9006,False
2019-08-30,735065,3609,23597,9609,36815,19.966453891077006,14,4925,7719,363,5957,4257,4121,2256,1433,700,451,843,8715,False
2019-08-31,803807,2059,23089,5306,30454,26.394135417350757,16,4289,5502,610,4679,3261,3667,2371,1735,885,582,1292,5870,True
2019-09-01,753958,1649,22425,5033,29107,25.902978664925964,17,3857,5180,571,4483,2863,3624,2285,1686,941,684,1420,5370,True
2019-09-02,620126,3318,22094,9518,34930,17.75339249928428,13,1741,7796,258,5545,4337,3889,1926,1167,522,304,507,8679,False
2019-09-03,604926,3782,22867,10124,36773,16.4502760177304,13,717,8375,177,6005,4552,4141,2072,1141,446,251,465,9148,False
2019-09-04,587645,3416,20959,9275,33650,17.463447251114413,13,8918,7506,164,5460,4400,3615,1802,1032,422,196,389,8664,False
2019-09-05,647353,3746,22549,10077,36372,17.79811393379523,13,7239,8220,206,5819,4615,3840,1907,1108,430,268,468,9491,False
2019-09-06,539591,3389,19363,8733,31485,17.138033984437033,12,6193,6964,168,4843,4381,3102,1606,843,353,196,423,8606,False
2019-09-07,633331,1902,20760,5018,27680,22.880455202312138,15,4625,5158,410,4131,3275,3228,1978,1464,749,526,941,5820,True
2019-09-08,697566,1604,21263,4781,27648,25.23025173611111,17,1967,4788,528,4272,2891,3424,2260,1583,883,619,1295,5105,True
2019-09-09,459904,2997,17902,8290,29189,15.756072493062454,12,2278,6603,124,4522,4223,2964,1311,661,268,127,261,8125,False
2019-09-10,573794,3615,22556,10134,36305,15.804820272689712,13,630,8237,119,5960,4652,3929,1965,1132,423,204,395,9289,False
2019-09-11,613121,3748,21791,9912,35451,17.294885898846296,13,9020,7991,180,5825,4604,3752,1905,1059,352,228,375,9180,False
2019-09-12,653332,3910,23358,10585,37853,17.259715214117772,13,5213,8483,179,6274,4735,4193,2049,1256,491,262,484,9447,False
2019-09-13,706686,3806,23259,9931,36996,19.101686668829064,13,6458,8054,307,5769,4593,3988,2195,1358,563,321,643,9205,False
2019-09-14,910442,2078,26239,6253,34570,26.33618744576222,17,4593,6204,747,5099,3349,4397,2833,2257,1089,705,1512,6378,True
2019-09-15,916117,1830,25757,5679,33266,27.539139060903025,18,3211,5629,873,5054,3004,4318,2830,2201,1111,764,1806,5676,True
2019-09-16,528138,3330,19920,9213,32463,16.268921541447185,13,1534,7345,150,5275,4268,3438,1659,914,354,156,345,8559,False
2019-09-17,623213,3811,23762,11017,38590,16.14959834153926,13,1293,8692,169,6271,4955,4212,2100,1240,441,214,431,9865,False
2019-09-18,680331,3797,23672,10918,38387,17.722953083074998,13,7883,8451,225,6270,4802,4261,2218,1229,434,224,478,9795,False
2019-09-19,662751,3872,23131,10902,37905,17.48452710724179,13,5306,8586,258,6278,4758,4080,2126,1266,465,248,428,9412,False
2019-09-20,723635,3877,23192,10205,37274,19.413934646134035,13,5955,8121,268,6071,4649,3979,2141,1370,593,306,665,9111,False
2019-09-21,975980,2405,26823,6806,36034,27.084975301104514,17,4483,6281,841,5495,3399,4636,3017,2330,1278,738,1655,6364,True
2019-09-22,551211,2967,16072,4832,23871,23.09124041724268,15,3826,4405,353,3709,2813,2932,1597,1315,563,390,864,4930,True
2019-09-23,501215,3293,18453,8883,30629,16.364066734140845,13,2086,6904,150,4930,4132,3192,1633,815,309,172,339,8053,False
2019-09-24,315388,1986,13288,6000,21274,14.825044655447964,12,779,4873,85,3293,3162,2037,996,516,173,84,160,5895,False
2019-09-25,524350,3311,19825,9021,32157,16.30593649905153,12,3223,7185,136,5167,4407,3247,1740,854,306,148,274,8693,False
2019-09-26,485586,3111,17271,8274,28656,16.94535175879397,12,7814,6513,119,4627,4098,2875,1326,746,243,126,259,7724,False
2019-09-27,491197,3256,17751,8257,29264,16.78502597047567,12,5557,6501,131,4607,4096,2873,1411,783,277,152,244,8189,False
2019-09-28,551340,1787,18294,4576,24657,22.36038447499696,14,5486,4761,318,3678,3218,2697,1655,1125,602,397,717,5489,True
2019-09-29,288227,1138,11218,2942,15298,18.8408288665185,13,1524,3014,136,2295,2346,1491,839,549,282,206,345,3795,True
2019-09-30,451753,3133,16075,8264,27472,16.4441249271986,12,2592,6250,156,4366,3804,2711,1430,742,259,138,258,7358,False
2019-10-01,365864,2702,14042,7533,24277,15.070395847921901,12,908,5569,84,3935,3339,2464,1226,647,221,74,130,6588,False
2019-10-02,619176,3553,19965,10044,33562,18.448721768666946,13,6999,7498,194,5564,4304,3674,1789,1096,365,199,287,8592,False
2019-10-03,550311,3618,19249,9506,32373,16.999073301825597,12,7019,7453,151,5245,4431,3274,1645,878,315,158,269,8554,False
2019-10-04,545591,3530,19293,9188,32011,17.043859923151416,12,4457,7243,169,5046,4344,3168,1596,952,367,173,344,8609,False
2019-10-05,586147,1863,19396,4963,26222,22.35325299366944,15,4422,5093,301,4008,3182,2996,1750,1326,603,403,859,5701,True
2019-10-06,470427,1329,16248,3870,21447,21.93439641907959,15,4078,4092,253,3276,2556,2624,1403,1040,579,364,738,4522,True
2019-10-07,445648,2962,16802,8314,28078,15.871785739725052,12,1960,6567,112,4556,3863,2759,1393,738,218,124,270,7478,False
2019-10-08,491343,3325,18651,9516,31492,15.602152927727676,13,865,7252,89,5189,3986,3467,1783,947,316,165,259,8039,False
2019-10-09,592860,3529,21120,9876,34525,17.171904417089067,13,8554,7827,157,5662,4658,3655,1758,908,332,168,265,9135,False
2019-10-10,606578,3683,21312,10288,35283,17.191792081172235,13,7750,8060,179,5917,4544,3794,1786,1031,363,173,359,9077,False
2019-10-11,438621,2741,14882,7337,24960,17.57295673076923,12,6555,5661,103,3802,3643,2263,1075,625,200,116,202,7270,False
2019-10-12,178118,681,7352,1891,9924,17.948206368399838,11,3944,1991,67,1322,1854,788,461,304,117,67,158,2795,True
2019-10-13,327962,1068,11845,2951,15864,20.673348461926373,13,3563,3084,158,2309,2338,1643,884,628,288,190,337,4005,True
2019-10-14,336527,2295,13715,6274,22284,15.101732184527014,12,1390,4971,71,3373,3470,2168,967,534,189,94,186,6261,False
2019-10-15,527080,3318,20776,9857,33951,15.524726812170481,12,761,7885,129,5478,4575,3384,1738,877,336,169,359,9021,False
2019-10-16,487109,3135,18778,8580,30493,15.974453153182697,12,8154,6961,100,4661,4404,3065,1442,749,244,152,271,8444,False
2019-10-17,483421,3084,17971,8896,29951,16.14039598010083,12,5947,7057,129,4902,4118,2991,1399,675,242,108,242,8088,False
2019-10-18,483297,3180,17969,8236,29385,16.447064828994385,12,4556,6672,105,4529,4126,2850,1339,812,300,145,293,8214,False
2019-10-19,638668,1581,19074,4423,25078,25.467262142116596,15,4517,4694,317,3875,3039,2869,1775,1374,657,372,802,5304,True
2019-10-20,464317,1347,15265,3685,20297,22.876139330935604,14,3382,3779,297,2915,2624,2326,1298,973,507,286,709,4583,True
2019-10-21,394967,2461,14466,7079,24006,16.45284512205282,12,2041,5542,140,3804,3453,2327,1030,514,168,99,163,6766,False
2019-10-22,570373,3548,20204,9674,33426,17.063752767306887,13,714,7571,268,5384,4344,3536,1715,962,363,194,416,8673,False
2019-10-23,563943,3376,18947,9172,31495,17.905794570566755,12,8553,7197,184,5051,4338,3208,1525,832,305,145,316,8394,False
2019-10-24,389371,2461,13566,7240,23267,16.734903511411012,12,6934,5554,111,3817,3245,2248,1032,462,122,74,139,6463,False
2019-10-25,524979,3245,17234,8231,28710,18.285579937304075,12,5040,6492,193,4482,3955,2836,1319,792,309,201,305,7826,False
2019-10-26,280797,1111,10341,2808,14260,19.69123422159888,12,4860,2833,105,1896,2374,1255,672,427,226,140,306,4026,True
2019-10-27,503362,1406,16365,4053,21824,23.064607771261,15,3254,3713,309,3303,2786,2418,1601,1180,609,463,819,4623,True
2019-10-28,472481,3012,18328,8586,29926,15.788311167546615,12,1649,6806,111,4773,4259,3037,1483,750,316,199,326,7866,False
2019-10-29,458455,3139,18705,9026,30870,14.851149983803046,12,1098,7100,89,5005,4407,3131,1394,707,241,145,258,8393,False
2019-10-30,551061,3191,19516,9190,31897,17.27626422547575,12,9061,7175,139,5102,4507,3303,1522,852,297,153,299,8548,False
2019-10-31,486312,3242,18482,8910,30634,15.874910230462884,12,7021,6846,105,4965,4427,3105,1418,702,270,160,268,8368,False
2019-11-01,416012,2491,15472,6903,24866,16.73015362342154,12,5911,5559,122,3842,3662,2341,1132,636,254,127,238,6953,False
2019-11-02,260013,918,10959,2529,14406,18.04893794252395,12,5349,3021,100,1946,2463,1287,696,456,228,126,210,3873,True
2019-11-03,391638,1074,13682,3391,18147,21.58141841626715,14,3249,3453,193,2556,2512,1956,1083,815,416,227,631,4305,True
2019-11-04,428324,3026,17279,8567,28872,14.835272928789138,12,1117,6653,88,4672,4108,2935,1371,679,204,106,183,7873,False
2019-11-05,445631,3206,18357,9095,30658,14.535553525996477,12,1003,7059,64,5034,4393,3070,1400,669,222,139,191,8417,False
2019-11-06,485553,3193,18307,8927,30427,15.957964965326848,12,8451,6965,79,4786,4403,2961,1355,722,226,116,170,8644,False
2019-11-07,467595,3161,17827,8948,29936,15.619822287546766,12,7665,6993,77,4736,4325,2951,1395,663,215,93,181,8307,False
2019-11-08,405093,2926,15459,7561,25946,15.612926848069067,12,6048,6012,98,3952,3905,2394,1152,615,201,80,201,7336,False
2019-11-09,235499,901,8814,2474,12189,19.320616949708754,12,4035,2421,99,1684,2077,1083,667,421,192,110,244,3191,True
2019-11-10,399084,1216,13631,3433,18280,21.831728665207876,15,2653,3429,208,2692,2416,2043,1171,942,473,340,641,3925,True
2019-11-11,415593,2974,16456,8387,27817,14.940252363662509,12,1769,6493,65,4540,3991,2761,1335,583,196,106,185,7562,False
2019-11-12,378285,2872,15790,8435,27097,13.96040152046352,12,1334,6403,37,4381,3924,2571,1166,499,151,53,136,7776,False
2019-11-13,449188,3242,17250,8873,29365,15.296713774902095,12,9084,6799,81,4714,4255,2901,1232,602,184,103,157,8337,False
2019-11-14,423644,3199,16697,8497,28393,14.920719895748952,12,4840,6650,59,4566,4144,2738,1181,596,186,96,128,8049,False
2019-11-15,320523,2391,12502,6258,21151,15.15403527019999,11,6921,4947,69,3036,3382,1776,872,417,141,54,110,6347,False
2019-11-16,391312,1409,13310,3610,18329,21.34933711604561,14,4112,3395,163,2697,2635,2128,1185,841,336,228,472,4249,True
2019-11-17,375177,1266,13114,3478,17858,21.008903572628515,14,3895,3450,191,2627,2421,1960,1113,858,381,254,473,4130,True
2019-11-18,415071,3227,16501,8556,28284,14.675116673737802,12,1308,6673,77,4492,4037,2739,1292,545,198,84,201,7946,False
2019-11-19,398597,3225,16482,8739,28446,14.012409477606694,12,942,6637,54,4530,4185,2749,1212,540,157,81,149,8152,False
2019-11-20,453513,3206,17252,8712,29170,15.547240315392527,12,8513,6700,65,4679,4462,2854,1262,599,172,76,153,8148,False
2019-11-21,391481,3012,15568,8264,26844,14.583556846967666,12,6784,6249,49,4338,4045,2511,1137,494,150,53,94,7724,False
2019-11-22,383587,2821,14589,7214,24624,15.577769655620532,12,3845,5740,55,3902,3602,2262,1079,545,198,90,159,6992,False
2019-11-23,280283,1215,10601,2939,14755,18.995798034564555,12,3048,2942,89,2085,2440,1444,794,538,260,135,251,3777,True
2019-11-24,297222,1070,11477,2891,15438,19.25262339681306,13,2563,3067,109,2279,2203,1639,913,652,273,202,452,3649,True
2019-11-25,367851,2755,15057,7671,25483,14.435152846996036,12,1483,5993,60,4049,3685,2477,1193,499,183,63,98,7183,False
2019-11-26,373408,3077,15568,7971,26616,14.02945596633604,12,950,6252,45,4292,3885,2515,1143,483,126,65,126,7684,False
2019-11-27,400277,2909,15506,7904,26319,15.208670542193852,12,7106,6251,49,4191,3818,2526,1106,493,142,88,118,7537,False
2019-11-28,391666,2793,15193,7815,25801,15.18026433083989,12,7677,6145,76,4039,3916,2353,1043,479,172,71,86,7421,False
2019-11-29,481928,3066,17085,8026,28177,17.103595130780423,12,7042,6339,112,4331,3904,2786,1397,801,277,150,233,7847,False
2019-11-30,375728,1365,13072,3530,17967,20.912116658318027,13,5124,3432,134,2602,2653,1916,1057,837,348,227,364,4397,True
2019-12-01,252624,968,10406,2701,14075,17.94841918294849,12,3950,2730,100,1984,2341,1420,765,519,240,130,235,3611,True
2019-12-02,398940,2811,16212,8055,27078,14.732993574119211,12,1941,6337,76,4236,4006,2577,1248,565,232,98,156,7547,False
2019-12-03,425160,3222,17408,8708,29338,14.491785397777626,12,746,6727,67,4635,4247,2867,1419,760,225,107,180,8104,False
2019-12-04,465773,3192,17336,8701,29229,15.93530397892504,12,8100,6803,77,4655,4159,2921,1294,655,210,103,152,8200,False
2019-12-05,448509,3322,16584,8405,28311,15.842216806188407,12,7995,6507,64,4526,4139,2714,1243,621,176,88,114,8119,False
2019-12-06,353826,2450,13286,5988,21724,16.28733198306021,11,4952,4967,72,3229,3498,1928,865,464,158,66,159,6318,False
2019-12-07,370268,1421,13987,3637,19045,19.44174323969546,13,5035,3759,156,2615,2919,1954,1136,869,362,201,342,4732,True
2019-12-08,268161,1016,11328,2637,14981,17.90007342634003,12,2991,2878,105,2111,2444,1540,846,554,274,127,272,3830,True
2019-12-09,389808,2992,15923,7933,26848,14.51907032181168,12,1225,6138,72,4384,3934,2574,1181,559,163,82,160,7601,False
2019-12-10,326407,2727,13860,7344,23931,13.639505244243868,12,984,5729,43,3751,3638,2163,978,416,134,57,69,6953,False
2019-12-11,420861,3092,16002,8078,27172,15.488775209774769,12,9289,6316,81,4260,4053,2653,1155,606,167,73,128,7680,False
2019-12-12,286531,2175,11510,5876,19561,14.648075251776493,11,4584,4509,60,2875,3236,1694,770,317,96,42,62,5900,False
2019-12-13,375822,2544,14024,6399,22967,16.363565115165237,12,6136,5335,75,3331,3620,2075,963,524,204,84,138,6618,False
2019-12-14,268832,1049,10972,2691,14712,18.272974442631867,12,5515,2931,111,1971,2531,1404,698,513,256,182,268,3847,True
2019-12-15,261831,904,10422,2595,13921,18.80834710150133,13,2881,2680,97,2008,2165,1465,803,626,235,149,327,3366,True
2019-12-16,356491,2701,14290,7118,24109,14.786635696213033,12,1630,5664,76,3771,3548,2241,1027,495,190,65,117,6915,False
2019-12-17,261423,2248,11454,5811,19513,13.397376108235536,11,734,4645,41,2822,3350,1657,766,287,96,49,88,5712,False
2019-12-18,369008,2808,14583,7142,24533,15.041291321892961,12,2774,5572,76,3735,3820,2327,1064,459,168,111,146,7055,False
2019-12-19,326836,2590,12634,6251,21475,15.219371362048895,11,4147,4863,69,3199,3428,1944,951,431,168,64,137,6221,False
2019-12-20,225279,1593,8915,3797,14305,15.748269835721775,11,5186,3071,51,1951,2677,1136,520,322,120,62,83,4312,False
2019-12-21,168360,651,6968,1655,9274,18.153978865645893,11,3128,1781,67,1237,1767,791,429,297,139,61,148,2557,True
2019-12-22,208864,664,7621,1977,10262,20.353147534593646,13,2865,1925,110,1468,1645,1090,559,401,247,157,290,2370,True
2019-12-23,270036,1745,10271,3688,15704,17.195364238410598,12,2021,3204,103,2246,2604,1473,741,497,213,127,290,4206,False
2019-12-24,175291,1035,6950,2288,10273,17.063272656478148,12,725,2049,81,1330,1740,973,498,338,158,129,214,2763,False
2019-12-25,1668325,2919,23947,7250,34116,48.90154179856959,25,9136,3859,2021,4822,1063,5191,4072,3503,2136,1524,3520,2405,False
2019-12-26,161660,385,4235,963,5583,28.95575855274942,16,5761,1026,101,857,614,750,416,314,145,77,166,1117,False
2019-12-27,280320,1024,8148,2393,11565,24.23865110246433,15,5537,2133,184,1726,1518,1331,760,574,290,147,438,2464,False
2019-12-28,248514,939,8393,1941,11273,22.04506342588486,15,4040,2146,104,1729,1530,1331,791,573,309,185,335,2240,True
2019-12-29,288374,832,9185,2089,12106,23.820750041301835,16,2634,2085,155,1836,1459,1518,942,678,319,252,472,2390,True
2019-12-30,347858,1309,11287,3375,15971,21.780602341744412,15,1901,2932,225,2230,2120,1936,1132,737,439,267,530,3423,False
2019-12-31,224387,1042,9119,2376,12537,17.897981973358856,13,1196,2286,72,1685,1979,1287,686,569,309,171,284,3209,False
2020-01-01,319152,652,8670,1633,10955,29.13299863076221,17,9122,1829,206,1642,1280,1313,738,722,370,228,616,2011,False
2020-01-02,350923,1770,11785,4946,18501,18.967785525106752,13,7265,3915,140,2842,2661,1994,934,555,263,161,390,4646,False
2020-01-03,325422,1880,11505,4860,18245,17.836229103864074,12,5527,3960,105,2644,2898,1792,872,526,211,135,269,4833,False
2020-01-04,342784,1113,11526,2867,15506,22.10653940410164,14,5030,3028,187,2280,2258,1560,927,625,409,223,423,3586,True
2020-01-05,250111,765,9750,2309,12824,19.503353087960075,13,3584,2515,122,1924,2006,1246,672,488,238,150,326,3137,True
2020-01-06,347419,2588,13735,7214,23537,14.760547223520415,12,1477,5482,70,3729,3410,2288,1062,483,172,76,110,6655,False
2020-01-07,392404,2956,16024,8253,27233,14.409135974736532,12,795,6322,61,4386,3771,2685,1305,593,175,95,159,7681,False
2020-01-08,416933,3064,16636,8346,28046,14.86604150324467,12,4206,6515,56,4433,4065,2794,1285,610,221,89,195,7783,False
2020-01-09,396561,2943,15447,7997,26387,15.028650471823246,12,5174,6260,76,4200,3816,2519,1186,516,199,74,136,7405,False
2020-01-10,400052,2884,16005,7702,26591,15.04463916362679,12,1472,6153,93,4049,3931,2508,1139,610,219,127,226,7536,False
2020-01-11,357475,1135,13439,3449,18023,19.8343782944016,12,3769,3576,179,2546,2847,1743,986,664,315,210,365,4592,True
2020-01-12,317718,979,12332,3002,16313,19.47636854042788,13,3490,3105,130,2216,2437,1684,994,749,364,231,469,3934,True
2020-01-13,337218,2594,13815,7228,23637,14.266531285696153,12,1500,5573,52,3802,3443,2265,1073,446,138,74,83,6688,False
2020-01-14,314062,2590,13030,7189,22809,13.76921390679118,12,1259,5455,36,3576,3344,2142,1023,418,108,38,63,6606,False
2020-01-15,334315,2226,13772,6278,22276,15.007855988507812,11,9753,5118,65,3410,3616,1998,921,416,139,78,127,6388,False
2020-01-16,374114,3020,15102,7960,26082,14.34376198144314,12,1877,6075,54,4133,3856,2429,1153,526,139,64,139,7514,False
2020-01-17,398065,2972,15135,7458,25565,15.570702131820848,12,5900,5792,88,3909,4018,2325,1059,548,182,99,191,7354,False
2020-01-18,435536,1300,14658,3621,19579,22.245058481025588,14,4256,3683,215,2748,2772,2076,1219,932,526,328,602,4478,True
2020-01-19,384165,1101,13410,3204,17715,21.685859441151567,14,3199,3255,231,2533,2485,1951,1146,894,458,303,598,3861,True
2020-01-20,419884,3009,16596,8404,28009,14.991038594737406,12,1460,6598,80,4424,4024,2857,1285,593,198,96,167,7687,False
2020-01-21,415871,3121,16892,8478,28491,14.596574356814433,12,868,6690,81,4515,4120,2782,1348,599,196,110,167,7883,False
2020-01-22,411521,3030,16140,8331,27501,14.963855859786916,12,6974,6429,58,4398,3943,2668,1215,584,169,96,144,7797,False
2020-01-23,420586,3274,16431,8474,28179,14.925511906029312,12,5372,6768,66,4460,4021,2668,1229,589,179,115,186,7898,False
2020-01-24,420389,3005,15635,7525,26165,16.066845021975922,12,6633,5982,94,4047,3930,2433,1205,565,214,124,164,7407,False
2020-01-25,374941,1304,13257,3440,18001,20.82889839453364,13,4400,3457,183,2476,2776,1778,1045,802,435,229,437,4383,True
2020-01-26,250175,805,9506,2414,12725,19.660117878192533,13,3131,2479,115,1769,1967,1278,745,469,240,166,280,3217,True
2020-01-27,328158,2656,13261,7372,23289,14.090686590235734,12,854,5544,48,3747,3475,2313,996,401,122,49,107,6487,False
2020-01-28,394380,3036,16495,8372,27903,14.133964089882808,12,1012,6547,49,4422,4100,2758,1264,583,161,64,144,7811,False
2020-01-29,455782,3099,17008,8617,28724,15.867636819384487,12,6946,6756,88,4595,4155,2892,1236,596,193,92,154,7967,False
2020-01-30,421007,3178,15955,8577,27710,15.19332370985204,12,6825,6541,61,4471,3820,2767,1314,531,167,92,155,7791,False
2020-01-31,397751,3019,15762,7381,26162,15.203386591239202,12,4680,5987,97,3993,3994,2404,1159,608,213,107,192,7408,False
2020-02-01,421062,1435,14889,3738,20062,20.98803708503639,14,4804,3800,200,2996,2902,2206,1289,876,434,283,520,4556,True
2020-02-02,328053,1102,11877,3034,16013,20.486667082995066,13,4005,3107,195,2243,2434,1605,966,731,360,235,445,3692,True
2020-02-03,413606,2959,16731,8335,28025,14.758465655664585,12,1503,6597,66,4347,4044,2829,1285,632,198,109,171,7747,False
2020-02-04,424571,3128,17177,8810,29115,14.582551949167096,12,822,6799,84,4679,4236,2857,1360,595,186,108,146,8065,False
2020-02-05,465389,3159,17341,8944,29444,15.805902730607254,12,9114,6916,93,4716,4175,2937,1266,644,218,122,249,8108,False
2020-02-06,447276,3225,17125,8884,29234,15.299856331668606,12,2926,6852,105,4764,4177,2859,1285,662,256,122,216,7936,False
2020-02-07,467966,3103,16803,8075,27981,16.724420142239378,12,5446,6327,113,4335,3923,2866,1340,677,266,145,280,7709,False
2020-02-08,465852,1540,15792,4214,21546,21.621275410749096,14,3927,4165,231,3065,2787,2391,1431,1031,578,356,707,4804,True
2020-02-09,112071,477,4622,1313,6412,17.478321896444168,10,3138,1210,44,749,1471,447,245,160,68,34,87,1897,True
2020-02-10,306766,2360,12719,6608,21687,14.145156084290127,11,1690,5084,56,3244,3437,1884,816,406,135,51,108,6466,False
2020-02-11,372619,2949,15470,8282,26701,13.955245121905547,12,602,6195,64,4186,4018,2536,1101,536,169,81,131,7684,False
2020-02-12,422653,3093,16134,8426,27653,15.284164466784798,12,4718,6335,71,4416,4052,2774,1181,593,152,95,166,7818,False
2020-02-13,368638,2951,14550,7722,25223,14.615152836696666,12,6106,5877,55,3933,3851,2344,1034,503,129,78,73,7346,False
2020-02-14,402549,2795,15730,7752,26277,15.319442858773833,12,3613,6041,83,4062,3908,2458,1169,578,232,166,238,7342,False
2020-02-15,168146,715,7211,1808,9734,17.274090815697555,11,4182,1958,48,1220,1919,775,408,294,119,69,131,2793,True
2020-02-16,103543,406,4809,1212,6427,16.110627042165863,10,1281,1278,44,758,1369,484,262,163,59,46,80,1884,True
2020-02-17,400426,2601,15354,7529,25484,15.712839428661121,12,2278,5780,124,3908,3659,2592,1240,585,224,134,230,7008,False
2020-02-18,360932,2663,14735,7568,24966,14.456941440358888,12,740,5800,64,4030,3495,2493,1044,591,196,93,155,7005,False
2020-02-19,395250,2511,14167,7388,24066,16.423585140862627,12,9156,5539,73,3832,3523,2437,1068,482,165,95,203,6649,False
2020-02-20,338126,2474,13177,6831,22482,15.039854105506627,12,7496,5201,60,3577,3463,2107,929,387,124,63,102,6469,False
2020-02-21,404686,2616,15243,6795,24654,16.4146183175144,12,5462,5457,154,3719,3747,2330,1124,588,245,161,280,6849,False
2020-02-22,381528,1448,13286,3714,18448,20.681266261925412,13,3734,3522,146,2626,2775,1946,1123,820,370,266,445,4409,True
2020-02-23,270863,983,10212,2730,13925,19.451561938958708,12,3610,2618,140,1955,2256,1450,792,522,243,148,277,3524,True
2020-02-24,337923,2515,13612,7182,23309,14.49753314170492,12,1445,5409,48,3753,3319,2327,1040,481,130,48,108,6646,False
2020-02-25,373302,2840,15906,8048,26794,13.932298275733373,12,565,6357,45,4237,3999,2591,1245,515,153,72,127,7453,False
2020-02-26,449085,2978,16489,8374,27841,16.13034732947811,12,8962,6468,91,4370,4136,2745,1285,633,221,112,199,7581,False
2020-02-27,296006,2249,12082,5849,20180,14.668285431119921,11,5503,4585,62,2940,3461,1785,772,356,129,54,111,5925,False
2020-02-28,253168,2068,10862,5609,18539,13.655968498840283,11,1954,4336,42,2801,3105,1552,719,298,91,38,72,5485,False
2020-02-29,230588,908,9066,2450,12424,18.55988409529942,11,4068,2477,94,1641,2308,1031,583,406,221,96,238,3329,True
2020-03-01,375016,1075,12662,2923,16660,22.509963985594236,14,3437,3132,237,2377,2221,1925,1099,776,442,254,583,3614,True
2020-03-02,396374,2759,15708,7804,26271,15.087891591488713,12,2098,6004,68,4233,3850,2590,1306,557,179,120,179,7185,False
2020-03-03,416729,2962,17280,8697,28939,14.400255710287155,12,638,6732,60,4712,4120,2943,1302,601,202,93,168,8006,False
2020-03-04,345504,2442,13714,7045,23201,14.891771906383346,12,4903,5451,49,3686,3483,2206,952,444,149,63,129,6589,False
2020-03-05,254252,1900,9593,5381,16874,15.067678084627238,12,5325,3892,50,2673,2638,1637,738,327,86,33,40,4760,False
2020-03-06,502941,2763,17086,7852,27701,18.156059348037978,13,4437,6079,170,4509,3778,2850,1409,915,334,182,373,7102,False
2020-03-07,453820,1400,14710,3887,19997,22.694404160624092,14,3770,3577,256,2869,2717,2282,1365,988,482,315,655,4491,True
2020-03-08,307303,944,11057,2746,14747,20.838340001356208,13,4199,2876,141,2017,2150,1577,896,598,366,196,440,3490,True
2020-03-09,340280,2336,13347,6967,22650,15.023399558498896,12,1645,5165,44,3776,3107,2419,1136,556,197,76,129,6045,False
2020-03-10,420032,2832,16384,8652,27868,15.072197502511841,13,965,6440,66,4661,3675,2896,1457,745,279,94,178,7377,False
2020-03-11,478722,2812,17835,8815,29462,16.248795058040866,13,2669,6464,115,4868,3837,3227,1650,882,337,165,245,7672,False
2020-03-12,423623,2564,16009,8035,26608,15.92088845460012,13,6765,6018,84,4389,3660,2889,1408,758,258,107,134,6903,False
2020-03-13,434030,2334,15637,7044,25015,17.35078952628423,13,4999,5460,115,4032,3372,2706,1316,792,291,149,278,6504,False
2020-03-14,424255,1216,13741,3587,18544,22.87828947368421,15,3877,3408,228,2696,2462,2166,1276,1005,499,274,591,3939,True
2020-03-15,276495,823,9809,2501,13133,21.053453133328258,14,3340,2401,136,1954,1820,1449,925,664,310,201,366,2907,True
2020-03-16,436303,1829,15751,6537,24117,18.09109756603226,14,1507,5039,148,3912,2844,3002,1514,965,409,209,380,5695,False
2020-03-17,324503,1299,12890,4837,19026,17.05576579417639,14,958,3892,82,3149,2514,2223,1204,744,305,177,257,4479,False
2020-03-18,326292,1202,12077,3949,17228,18.939633155328536,13,4649,3475,136,2640,2348,1947,1041,728,309,154,269,4181,False
2020-03-19,272429,928,9270,3030,13228,20.594874508618084,13,8238,2631,79,1985,1964,1380,787,512,228,106,170,3386,False
2020-03-20,285959,869,9785,2897,13551,21.102427865102207,13,6083,2649,125,2106,1885,1413,807,623,281,145,318,3199,False
2020-03-21,553940,698,13899,2716,17313,31.995610235083465,20,4515,2683,560,2619,1345,2321,1578,1317,714,444,1214,2518,True
2020-03-22,531400,680,13001,2323,16004,33.20419895026244,21,3020,2237,622,2340,1037,2273,1609,1251,754,498,1372,2011,True
2020-03-23,270160,642,8649,2211,11502,23.48808902799513,16,1924,2061,158,1864,1247,1482,902,644,296,214,411,2223,False
2020-03-24,241093,535,7835,1637,10007,24.092435295293296,18,606,1701,139,1617,915,1341,812,685,361,242,475,1719,False
2020-03-25,298227,517,8364,1620,10501,28.39986667936387,18,6226,1779,195,1655,972,1386,857,665,380,317,594,1701,False
2020-03-26,332918,526,8687,1640,10853,30.67520501243896,18,6171,1865,216,1642,861,1450,949,742,428,296,603,1801,False
2020-03-27,323471,580,8638,1682,10900,29.67623853211009,18,4405,1784,222,1715,939,1392,900,760,412,308,668,1800,False
2020-03-28,431251,645,10143,2012,12800,33.691484375,21,4594,1923,394,1862,902,1736,1179,907,609,479,1112,1697,True
2020-03-29,228196,362,5909,971,7242,31.51008008837338,19,2649,1119,154,1094,599,908,654,528,329,243,568,1046,True
2020-03-30,157072,366,5323,1229,6918,22.704827984966755,16,1600,1219,66,1117,744,858,532,400,224,150,252,1356,False
2020-03-31,211375,451,7117,1402,8970,23.564659977703457,17,630,1463,125,1474,878,1203,706,568,323,227,418,1585,False
2020-04-01,254910,442,7142,1509,9093,28.033652259980204,17,9911,1587,156,1448,888,1206,707,511,313,225,466,1586,False
2020-04-02,301041,481,7723,1574,9778,30.78758437308243,18,7054,1644,156,1528,952,1369,788,594,379,294,470,1604,False
2020-04-03,302636,551,8687,1785,11023,27.45495781547673,18,1745,1729,183,1845,982,1435,887,648,414,315,612,1973,False
2020-04-04,874281,1117,17399,3289,21805,40.09543682641596,23,3989,2922,1173,3138,1143,3102,2342,1721,980,727,2159,2398,True
2020-04-05,1229610,1411,22702,4407,28520,43.11395511921459,24,2940,3252,1958,4029,1097,4256,3142,2365,1394,1113,3428,2486,True
2020-04-06,284167,598,8264,1576,10438,27.22427668135658,18,1664,1786,189,1723,881,1397,852,609,365,249,592,1795,False
2020-04-07,424026,692,11723,2075,14490,29.26335403726708,19,828,2336,414,2208,1039,1954,1285,1009,588,442,1040,2175,False
2020-04-08,435917,675,10778,2020,13473,32.3548578638759,19,7679,2207,321,2079,949,1917,1194,880,512,418,931,2065,False
2020-04-09,600716,795,14006,2449,17250,34.82411594202899,20,4102,2606,570,2695,1229,2471,1488,1128,699,496,1394,2474,False
2020-04-10,1154409,1378,21209,4322,26909,42.90047939351147,23,5356,3355,1621,3824,1350,3860,2644,2023,1358,998,3154,2722,False
2020-04-11,1478330,1695,26206,5089,32990,44.81145801758109,24,4080,4011,2280,4328,1593,4721,3275,2588,1614,1374,4103,3103,True
2020-04-12,1256560,1555,23350,4199,29104,43.17482133040132,25,1864,3324,1932,3973,1186,4471,3099,2238,1444,1217,3856,2364,True
2020-04-13,635154,891,14397,2494,17782,35.718929254302104,22,1782,2350,640,2608,1018,2544,1809,1342,870,650,1931,2020,False
2020-04-14,404496,710,11644,2062,14416,28.058823529411764,19,1303,2205,360,2263,1103,2067,1259,963,541,418,967,2270,False
2020-04-15,647459,832,14492,2525,17849,36.27424505574542,20,5725,2676,670,2868,1185,2467,1695,1121,745,546,1335,2541,False
2020-04-16,523717,780,13174,2483,16437,31.862079454888363,19,5287,2600,528,2620,1093,2353,1505,1046,606,487,1158,2441,False
2020-04-17,293491,565,8697,1804,11066,26.521868787276343,17,2906,1909,187,1805,1022,1465,899,596,369,241,508,2065,False
2020-04-18,712365,1043,15931,3075,20049,35.531198563519375,21,4299,2841,809,2889,1280,2866,1903,1489,875,653,1888,2556,True
2020-04-19,1772722,1772,31554,6106,39432,44.956431324812336,25,2968,4464,3024,5516,1436,6064,4356,3148,1883,1627,4832,3082,True
2020-04-20,561295,790,13980,2441,17211,32.61257335425019,19,2215,2731,561,2830,1135,2421,1568,1072,683,530,1164,2516,False
2020-04-21,541673,923,14766,2745,18434,29.384452641857436,20,1118,2941,534,2924,1136,2695,1682,1295,694,585,1311,2637,False
2020-04-22,742747,1061,16845,2960,20866,35.596041407073706,20,8809,3214,790,3315,1396,2924,2025,1347,835,583,1615,2822,False
2020-04-23,864679,1066,19163,3287,23516,36.769816295288315,21,5711,3543,1077,3691,1358,3462,2259,1483,946,681,2007,3009,False
2020-04-24,836353,1033,18532,3479,23044,36.29374240583232,20,4006,3369,1084,3519,1540,3401,2112,1478,880,684,1806,3171,False
2020-04-25,1694017,1652,29818,6055,37525,45.1436908727515,24,3296,4486,2931,5304,1654,5341,3913,2920,1806,1391,4271,3508,True
2020-04-26,1898135,1829,30636,5820,38285,49.579077967872536,26,2934,3973,3788,5064,1393,5587,4031,3027,1883,1627,5021,2891,True
2020-04-27,530121,820,13500,2625,16945,31.284803776925347,19,1756,2613,535,2647,1204,2488,1595,1051,650,422,1125,2615,False
2020-04-28,91589,238,3685,848,4771,19.197023684762105,15,466,927,43,802,527,573,317,225,102,60,113,1082,False
2020-04-29,308658,527,8954,1803,11284,27.353598014888338,17,4294,2053,153,1828,993,1529,942,618,393,255,498,2022,False
2020-04-30,252157,423,7078,1502,9003,28.008108408308342,16,7056,1635,104,1496,850,1178,724,480,255,175,353,1753,False
2020-05-01,412913,658,11550,2281,14489,28.4983780799227,18,6002,2456,304,2316,1218,1941,1216,903,499,340,749,2547,False
2020-05-02,1660744,1859,29676,6261,37796,43.93967615620701,24,5042,4363,2870,5444,1661,5721,3997,3077,1806,1476,4021,3360,True
2020-05-03,1115787,1226,21321,4047,26594,41.95634353613597,23,2785,3420,1724,3732,1154,3993,2806,1970,1247,987,2999,2562,True
2020-05-04,582730,789,14581,2695,18065,32.25740381954055,20,1722,2798,596,2879,1238,2586,1752,1156,640,478,1248,2694,False
2020-05-05,525493,857,14615,2571,18043,29.124480407914426,19,835,2858,566,2917,1241,2542,1742,1182,681,525,1170,2619,False
2020-05-06,837839,1055,18585,3387,23027,36.38506970078603,20,7312,3441,1094,3713,1433,3407,2092,1543,874,657,1698,3075,False
2020-05-07,1061810,1261,21613,4107,26981,39.35398984470553,21,6649,3926,1445,4229,1527,4029,2622,1844,1035,805,2155,3364,False
2020-05-08,2244320,2093,33240,7282,42615,52.66502405256365,25,6003,4558,4622,5593,1722,6135,4599,3525,2083,1660,4685,3433,False
2020-05-09,2710768,2113,37789,7573,47475,57.09885202738283,27,4403,4738,5734,5759,1745,6480,4978,3932,2522,2035,6071,3481,True
2020-05-10,925033,1018,18768,3361,23147,39.963407785026135,23,3490,2887,1332,3274,1226,3273,2291,1801,1149,854,2568,2492,True
2020-05-11,376985,595,10480,2107,13182,28.59846760734335,18,1906,2317,307,2122,1058,1752,1127,808,474,292,671,2254,False
2020-05-12,579832,1031,15512,3089,19632,29.535044824775877,19,802,3203,673,3275,1291,2848,1784,1226,742,531,1212,2847,False
2020-05-13,534789,765,13004,2830,16599,32.21814567142599,19,7753,2735,477,2733,1225,2340,1549,1096,553,367,889,2635,False
2020-05-14,666995,914,16076,3175,20165,33.07686585668237,19,6235,3352,720,3234,1382,2859,1803,1310,720,500,1283,3002,False
2020-05-15,1039723,1178,22351,4394,27923,37.23536152992157,20,5941,4381,1446,4509,1694,3991,2616,1888,1076,708,1872,3742,False
2020-05-16,2009334,1974,35943,7644,45561,44.102060973200764,24,4783,5760,3481,6555,1978,6845,4791,4037,2259,1601,4017,4237,True
2020-05-17,2399773,2164,40671,7794,50629,47.3991783365265,25,3101,5784,4523,7091,1895,7571,5711,4514,2560,1798,4997,4185,True
2020-05-18,1023904,1292,23600,4237,29129,35.15067458546466,20,1818,4532,1398,4726,1706,4244,2768,1894,1112,718,1991,4040,False
2020-05-19,1217111,1528,27853,5297,34678,35.09749697214372,20,1383,5406,1933,5487,1955,5027,3262,2365,1397,897,2391,4558,False
2020-05-20,1802589,1696,34105,6342,42143,42.77315331134471,21,8534,6203,2907,6679,2185,6055,4146,3117,1611,1136,3044,5060,False
2020-05-21,1393006,1526,28596,5499,35621,39.106313691361834,20,7033,5583,1986,5842,2089,5043,3269,2456,1289,909,2484,4671,False
2020-05-22,1344607,1677,28645,5999,36321,37.02009856556813,20,5379,5640,1820,5714,2172,5115,3391,2606,1424,1027,2450,4962,False
2020-05-23,1663737,1827,31849,6455,40131,41.45765119234507,22,4120,5436,2655,5848,2058,5773,4082,3424,1909,1286,3175,4485,True
2020-05-24,2572027,2340,43857,8848,55045,46.72589699336906,24,3377,6500,4609,7837,2105,8292,5973,5065,3018,2036,4992,4618,True
2020-05-25,3328596,2679,53446,9799,65924,50.491414355925,25,2462,7674,6682,9015,2437,9579,7212,5992,3468,2450,6117,5298,False
2020-05-26,1372390,1648,30242,5593,37483,36.613664861403834,21,1321,5516,2256,5878,2185,5379,3731,2749,1490,1028,2604,4667,False
2020-05-27,1451552,1723,30254,5737,37714,38.48841279100599,21,8825,5788,2212,5984,2206,5439,3475,2715,1539,978,2601,4777,False
2020-05-28,1510504,1929,31909,6239,40077,37.690046660179156,20,7870,6230,2242,6266,2313,5784,3896,2850,1398,1021,2778,5299,False
2020-05-29,1782923,2193,35727,7011,44931,39.68135585675814,21,6216,6793,2805,6976,2602,6284,4167,3391,1746,1181,3184,5802,False
2020-05-30,3448129,2740,55517,10775,69032,49.94971897091204,25,4623,7885,6313,9365,2690,10125,7436,6534,3936,2630,6283,5835,True
2020-05-31,2971021,2721,49854,9426,62001,47.91892066256996,25,3019,7212,5592,8496,2517,9046,6643,5800,3387,2264,5792,5252,True
2020-06-01,1382176,1600,30548,5644,37792,36.57324301439458,20,2115,5991,2038,5990,2202,5394,3587,2658,1351,957,2510,5114,False
2020-06-02,1569458,2090,35298,7022,44410,35.34019365007881,20,855,6931,2552,7122,2351,6357,4221,3185,1695,1146,2913,5937,False
2020-06-03,944825,1398,22126,4901,28425,33.23922603342128,19,8348,4715,960,4588,1964,3850,2598,2067,1175,677,1488,4343,False
2020-06-04,798068,1499,20935,4961,27395,29.131885380543896,18,6182,4871,874,4529,2109,3904,2397,1680,777,519,1252,4483,False
2020-06-05,862972,1523,21627,5009,28159,30.646400795482794,18,4686,4928,899,4701,2126,3835,2345,1823,955,643,1323,4581,False
2020-06-06,951884,1400,20622,5271,27293,34.876488476898835,21,4060,3950,999,4055,1649,3768,2617,2620,1477,874,1741,3543,True
2020-06-07,1492200,1786,30327,6484,38597,38.6610358318004,23,3438,5265,1914,5719,1853,5692,4053,3605,2009,1356,3125,4006,True
2020-06-08,815977,1391,22021,5002,28414,28.717428028436686,18,1704,4965,831,4772,1974,4129,2537,1868,908,616,1358,4456,False
2020-06-09,1078438,1833,27546,6489,35868,30.066856250697,19,829,6024,1351,6069,2143,5243,3419,2415,1197,854,1958,5195,False
2020-06-10,447585,943,12581,3210,16734,26.7470419505199,16,7702,3309,300,2869,1472,2177,1340,840,433,251,551,3192,False
2020-06-11,683032,1332,18529,4508,24369,28.02872501949198,17,7192,4612,496,4110,1886,3361,2036,1515,689,436,987,4241,False
2020-06-12,722644,1446,20128,5019,26593,27.17421877937803,17,4530,4785,682,4480,2079,3617,2239,1619,806,472,1146,4668,False
2020-06-13,2789419,2994,49388,11612,63994,43.588758321092605,24,3683,8025,4468,9267,2661,9326,6983,6062,3468,2378,5331,6025,True
2020-06-14,2402231,2341,45040,9241,56622,42.425753240789795,23,3359,7220,3967,8411,2343,8555,6232,5156,2818,1914,4645,5361,True
2020-06-15,1118910,1928,28805,6687,37420,29.901389631213256,19,2084,6443,1246,6440,2424,5580,3444,2586,1167,743,1850,5497,False
2020-06-16,981446,1847,28501,6523,36871,26.618372162404057,18,966,6630,923,6541,2381,5410,3230,2283,1194,684,1788,5807,False
2020-06-17,706937,1308,19921,4921,26150,27.033919694072658,17,8755,5069,470,4599,2006,3542,2090,1558,721,423,944,4728,False
2020-06-18,679142,1383,19344,4580,25307,26.836132295412337,17,5118,4761,495,4277,1942,3662,2156,1426,712,463,1016,4397,False
2020-06-19,1005352,1886,27312,6832,36030,27.903191784623925,18,5834,6539,980,6289,2525,5025,3165,2280,1073,657,1490,6007,False
2020-06-20,2445895,2862,49383,10803,63048,38.794172693820585,22,4733,8918,3336,9904,2970,9591,6781,5645,3245,1915,4201,6542,True
2020-06-21,1556436,2116,34896,7814,44826,34.721723999464594,21,3229,6765,1945,7157,2086,6996,4723,3644,1939,1223,3072,5276,True
2020-06-22,1308488,2186,32941,7204,42331,30.910869103021426,19,1987,7298,1523,7277,2561,6063,3918,2834,1412,908,2167,6370,False
2020-06-23,1390988,2146,36853,8096,47095,29.535789361928018,19,963,8155,1736,7934,2761,6743,4452,3326,1676,1077,2354,6881,False
2020-06-24,1770604,2405,40303,8579,51287,34.52344648741396,19,8690,8912,2263,8345,3015,7247,4693,3630,1843,1169,2758,7412,False
2020-06-25,1873287,2419,40298,8801,51518,36.36179587716914,20,6914,8697,2641,8373,2979,7332,4727,3720,1728,1155,2851,7315,False
2020-06-26,1674631,2582,38886,8733,50201,33.35851875460648,19,4931,8554,2166,8401,2927,6923,4703,3667,1959,1227,2661,7013,False
2020-06-27,1342887,2124,31540,7037,40701,32.99395592245891,20,4284,6577,1556,6740,2340,5856,3924,3194,1700,1088,2331,5395,True
2020-06-28,1372004,2144,32172,7167,41483,33.0738856881132,21,3234,6254,1682,6855,2138,6358,4190,3363,1811,1243,2593,4996,True
2020-06-29,787208,1711,24536,5812,32059,24.554976761595807,17,2388,6034,574,5636,2409,4633,2783,1897,900,526,1209,5458,False
2020-06-30,615727,1611,21086,5383,28080,21.927599715099714,16,1209,5617,400,5046,2266,3813,2244,1591,683,399,804,5217,False
2020-07-01,775496,1616,23219,6141,30976,25.03538223140496,17,5978,5981,564,5568,2366,4266,2536,1773,885,482,1048,5507,False
2020-07-02,659935,1490,20718,5358,27566,23.940179931800042,16,6673,5509,436,4834,2231,3900,2142,1502,658,377,778,5199,False
2020-07-03,988865,1986,27985,6852,36823,26.854547429595634,17,5779,6866,769,6449,2761,5219,3236,2250,1104,651,1305,6213,False
2020-07-04,1164464,2222,31679,7598,41499,28.060049639750357,19,4418,7257,915,7255,2584,6129,3954,3074,1565,1024,1778,5964,True
2020-07-05,1452244,2448,35947,8067,46462,31.25659678877362,20,2901,7529,1523,7741,2336,7227,4678,3719,1993,1323,2679,5714,True
2020-07-06,795294,1683,25154,6348,33185,23.965466325146902,17,1930,6423,517,5873,2589,4656,2774,1909,935,539,1105,5865,False
2020-07-07,696855,1792,23609,6287,31688,21.991132289825803,17,718,6213,450,5593,2543,4472,2665,1790,796,484,890,5792,False
2020-07-08,485793,1214,16510,4309,22033,22.048427358961558,15,7378,4656,206,3787,2034,2844,1625,1115,469,231,495,4571,False
2020-07-09,563969,1472,18936,5363,25771,21.883861705017267,15,5953,5465,228,4630,2347,3310,1977,1286,558,304,572,5094,False
2020-07-10,957704,2128,28356,7147,37631,25.44986845951476,17,6142,7244,606,6592,2780,5402,3294,2363,1022,544,1232,6552,False
2020-07-11,1535743,2628,38665,9276,50569,30.369257845715754,20,3416,8035,1443,8494,2858,7806,5217,4204,2178,1299,2687,6348,True
2020-07-12,1602208,2349,38084,8419,48852,32.79718332923934,21,3368,7690,1897,8123,2510,7488,5025,3938,1935,1278,2937,6031,True
2020-07-13,861794,1879,26566,6362,34807,24.759215100410838,17,2167,6714,652,6113,2672,5016,3003,2082,922,544,1130,5959,False
2020-07-14,763454,1941,25766,6777,34484,22.139368982716622,17,1238,6699,474,6288,2708,4853,2991,1951,800,492,1015,6213,False
2020-07-15,796826,1962,24790,6951,33703,23.642583746254044,16,8565,6533,448,6098,2701,4677,2676,1896,801,458,948,6467,False
2020-07-16,876684,2095,27521,7288,36904,23.755798829395186,17,4104,7204,567,6497,2762,5199,3084,2138,945,601,1090,6817,False
2020-07-17,1244948,2541,34895,8608,46044,27.038224307184432,18,4354,8394,1080,8014,3207,6589,4115,3205,1344,892,1677,7527,False
2020-07-18,1769768,3014,42478,10317,55809,31.711157698579083,20,5270,8962,1842,9319,3032,8693,5750,4506,2261,1420,2911,7113,True
2020-07-19,966001,1796,25480,6203,33479,28.853938289674122,19,3968,5916,845,5700,2141,5021,3177,2297,1107,761,1652,4862,True
2020-07-20,982155,2052,29595,7106,38753,25.343973369803628,17,1994,7302,842,6717,2807,5538,3396,2402,1071,693,1388,6597,False
2020-07-21,922007,2253,29817,7572,39642,23.25833711719893,17,959,7710,639,6867,2820,5762,3410,2450,1016,702,1317,6949,False
2020-07-22,1044859,2365,30598,8035,40998,25.4856090541002,17,8138,7859,817,7413,2967,5820,3558,2412,1078,634,1390,7050,False
2020-07-23,972512,2432,29153,8010,39595,24.561485035989392,17,7603,7838,649,7122,2806,5602,3392,2279,1035,628,1295,6949,False
2020-07-24,1046044,2529,29917,7914,40360,25.917839444995046,17,6487,7762,701,7036,2862,5909,3559,2502,1124,710,1315,6880,False
2020-07-25,595441,1583,17980,4929,24492,24.31165278458272,17,5171,4650,355,4211,2077,3300,1971,1609,735,417,775,4392,True
2020-07-26,962573,1826,25668,6207,33701,28.562149491113022,19,3515,5794,828,5677,2194,5056,3158,2363,1232,769,1611,5019,True
2020-07-27,489856,1360,17254,4960,23574,20.779502842114194,15,1910,4733,247,4054,2255,2993,1736,1151,456,300,590,5059,False
2020-07-28,798589,2168,27519,7468,37155,21.493446373301037,16,1112,7468,460,6557,3174,5128,3029,2007,895,529,1101,6807,False
2020-07-29,1006695,2326,29954,8311,40591,24.800941095316695,17,8712,7985,696,7122,3168,5650,3308,2329,1061,624,1298,7350,False
2020-07-30,1076274,2573,31318,8618,42509,25.318732503705096,17,7170,8017,864,7407,3283,5896,3542,2637,1104,680,1468,7611,False
2020-07-31,1175297,2738,31667,8251,42656,27.552911665416353,17,6058,7911,1118,7040,3183,5899,3597,2814,1321,749,1604,7420,False
2020-08-01,1474593,3005,36479,9386,48870,30.17378759975445,20,4899,7929,1403,8191,2880,7176,4922,3885,1916,1205,2510,6853,True
2020-08-02,1308812,2399,32945,8107,43451,30.121562219511635,20,2766,7029,1326,7358,2554,6290,4438,3278,1664,1007,2432,6075,True
2020-08-03,835929,2214,26916,7183,36313,23.020102993418334,16,1655,7318,522,6254,3050,4811,2928,1933,922,556,1165,6854,False
2020-08-04,880542,2456,29710,8431,40597,21.68982929773136,16,1187,7911,470,7143,3400,5567,3353,2224,981,647,1280,7621,False
2020-08-05,1024876,2700,30753,8700,42153,24.313239864303846,17,9433,8489,684,7384,3338,5868,3494,2304,1062,662,1218,7650,False
2020-08-06,980598,2614,29523,8507,40644,24.126513138470624,16,7501,8051,673,7115,3239,5585,3261,2263,1034,604,1316,7503,False
2020-08-07,1139539,2622,31972,8155,42749,26.656506584949355,17,5574,8304,964,7307,3328,5816,3444,2617,1181,738,1498,7552,False
2020-08-08,1370100,2986,35122,8834,46942,29.18708193089344,19,4374,8081,1272,8083,2950,6663,4458,3442,1803,1045,2182,6963,True
2020-08-09,1302446,2476,33378,8173,44027,29.58289231607877,19,2782,7473,1340,7573,2644,6660,4119,3154,1626,1083,2306,6049,True
2020-08-10,927967,2381,29075,8020,39476,23.50711824906272,16,2193,7800,621,6894,3195,5339,3335,2175,934,660,1261,7262,False
2020-08-11,923715,2596,30703,8787,42086,21.948272584707503,16,1048,8425,594,7398,3406,5714,3505,2375,1050,607,1146,7866,False
2020-08-12,990816,2819,29593,9012,41424,23.918887601390498,16,9157,8064,584,7361,3447,5702,3210,2218,1031,617,1214,7976,False
2020-08-13,748918,2153,24386,7296,33835,22.134417023791933,15,4293,6958,424,5760,3092,4382,2423,1692,692,460,851,7101,False
2020-08-14,640672,1828,22008,6067,29903,21.425007524328663,15,6205,6141,330,5026,2986,3801,2068,1453,631,363,643,6461,False
2020-08-15,755356,1751,22615,6047,30413,24.83661592082333,17,5248,5707,496,5017,2492,4076,2556,1992,992,588,1141,5356,True
2020-08-16,870897,1954,24223,6097,32274,26.984476668525748,18,3394,5966,703,5455,2332,4498,2827,2093,988,656,1463,5293,True
2020-08-17,675142,2054,23023,6574,31651,21.330826830115953,15,2412,6619,354,5489,2886,4138,2245,1530,668,391,704,6627,False
2020-08-18,802854,2484,28035,8355,38874,20.652724185831147,16,1313,8030,420,6794,3417,5181,3004,1980,844,548,1009,7647,False
2020-08-19,385520,1373,14373,4692,20438,18.862902436637636,14,8680,4523,107,3404,2246,2412,1322,750,269,139,319,4947,False
2020-08-20,1046652,2770,30783,8806,42359,24.709081895228877,16,6773,8512,678,7242,3438,5835,3331,2293,1070,619,1318,8023,False
2020-08-21,768587,2379,25463,7239,35081,21.908925059148828,15,4376,7162,394,5893,3286,4526,2633,1781,747,460,928,7271,False
2020-08-22,1177085,2798,32774,8413,43985,26.761054905081277,18,5166,7806,880,7415,3077,6323,4037,3223,1567,982,1910,6765,True
2020-08-23,1019075,2261,27453,7032,36746,27.732950525227235,18,3346,6298,862,5931,2703,5181,3331,2563,1350,814,1807,5906,True
2020-08-24,646278,2278,22347,6593,31218,20.70209494522391,15,1615,6381,337,5159,3142,3929,2188,1539,660,384,762,6737,False
2020-08-25,484005,1878,19220,5623,26721,18.11328168855956,14,1134,5622,136,4561,2949,3227,1730,1139,471,273,533,6080,False
2020-08-26,905593,2610,29489,8563,40662,22.2712360434804,16,8240,8221,468,7078,3575,5433,3151,2113,916,608,1068,8031,False
2020-08-27,456487,1498,16847,5152,23497,19.42745882453079,14,5355,4877,201,3965,2673,2761,1552,954,401,230,421,5462,False
2020-08-28,562993,1928,19861,5579,27368,20.571214557147034,14,4956,5802,274,4478,3052,3202,1856,1222,534,288,583,6077,False
2020-08-29,720654,1830,21028,5802,28660,25.144940683879973,16,4403,5486,449,4662,2527,3770,2301,1647,870,490,1055,5403,True
2020-08-30,1021816,2469,25820,6434,34723,29.427641620827693,19,3348,5865,900,5619,2390,5023,3198,2487,1297,777,1947,5220,True
2020-08-31,1053631,2680,29175,7438,39293,26.814725269131905,18,2484,6715,889,6593,2897,5593,3583,2640,1476,861,1871,6175,False
2020-09-01,746978,2369,25889,7605,35863,20.82865348688063,16,791,7385,461,6064,3363,4576,2784,1794,852,507,913,7164,False
2020-09-02,673618,2101,22344,6924,31369,21.47400299658899,15,9073,6732,354,5305,3175,3838,2140,1336,586,347,707,6849,False
2020-09-03,788141,2027,21652,6773,30452,25.88141993957704,14,7556,6593,283,5169,3129,3610,2049,1281,544,340,601,6853,False
2020-09-04,758051,2375,25653,7521,35549,21.32411600888914,15,5558,7532,396,6047,3342,4412,2607,1691,728,425,797,7572,False
2020-09-05,1146546,2527,31408,8111,42046,27.26884840412881,18,4304,7475,928,7146,3197,5957,3804,2921,1278,895,1756,6689,True
2020-09-06,1083780,2315,29756,7353,39424,27.4903612012987,18,3761,6914,902,6527,2826,5523,3665,2734,1377,905,1874,6177,True
2020-09-07,646501,2104,23105,7285,32494,19.896011571367023,15,2064,7056,269,5704,3042,3979,2397,1501,690,297,698,6861,False
2020-09-08,732686,2370,27001,8398,37769,19.39913685827001,15,1144,8087,290,6653,3402,4761,2766,1819,766,424,749,8052,False
2020-09-09,813277,2424,27513,9025,38962,20.87359478466198,15,6758,8290,348,6756,3655,4984,2843,1906,754,397,699,8330,False
2020-09-10,824900,2478,28316,9013,39807,20.722485994925517,15,7211,8488,351,6994,3459,5198,2938,1895,805,392,801,8486,False
2020-09-11,772174,2526,27223,8159,37908,20.36968449931413,15,4675,7999,394,6469,3739,4729,2617,1766,756,383,812,8244,False
2020-09-12,1275271,2906,34914,9111,46931,27.17331827576655,18,4690,8412,959,7817,3405,6573,4204,3336,1590,933,2002,7700,True
2020-09-13,1366537,2511,35670,8272,46453,29.417626418100014,19,3251,7671,1390,7645,3135,6742,4453,3407,1751,1144,2416,6699,True
2020-09-14,669883,1931,22089,6717,30737,21.794026743013305,15,1930,6363,355,5270,2922,3925,2162,1595,701,329,714,6401,False
2020-09-15,882696,2777,30246,9697,42720,20.6623595505618,16,873,9032,469,7619,3542,5494,3193,2378,911,516,990,8576,False
2020-09-16,941470,2754,30260,9780,42794,22.00004673552367,15,7104,8860,461,7536,3789,5480,3289,2282,887,441,853,8916,False
2020-09-17,878089,2826,29300,9362,41488,21.164891052834555,15,7136,8971,383,7206,3975,5240,2955,2097,820,401,816,8624,False
2020-09-18,914859,2780,29825,8992,41597,21.993388946318245,15,5999,8767,418,6982,3801,5312,3040,2143,833,519,905,8877,False
2020-09-19,1456933,3075,37996,9954,51025,28.553317001469868,19,4600,9052,1279,8566,3378,7209,4795,3707,1856,1160,2259,7764,True
2020-09-20,1369303,2583,35956,8571,47110,29.06607938866483,19,4089,7953,1300,7653,3089,6941,4390,3505,1641,1161,2436,7041,True
2020-09-21,789642,2488,27239,8572,38299,20.617822919658476,15,1550,8231,374,6730,3505,4817,2803,1862,760,416,821,7980,False
2020-09-22,891701,3204,31695,10381,45280,19.69304328621908,15,1056,9512,375,8018,4103,5959,3318,2202,912,521,998,9362,False
2020-09-23,577979,2180,20987,7167,30334,19.05383398167073,14,7383,6858,169,5327,3374,3479,1824,1083,400,178,294,7348,False
2020-09-24,614922,2133,22753,7717,32603,18.86090237094746,14,5979,7351,214,5598,3703,3852,1893,1219,473,242,420,7638,False
2020-09-25,603543,2221,21799,6429,30449,19.821439127721764,14,5476,6564,212,5094,3566,3442,1870,1249,463,266,532,7191,False
2020-09-26,776839,2207,25256,6408,33871,22.935224823595405,16,3191,6582,449,5661,3077,4281,2809,1968,897,582,1100,6465,True
2020-09-27,608219,1556,19828,4942,26326,23.10335789713591,16,3067,4967,371,4178,2531,3542,2079,1507,695,387,803,5266,True
2020-09-28,626814,2093,23432,7241,32766,19.13001281816517,14,1962,7213,262,5489,3425,4074,2071,1317,556,308,542,7509,False
2020-09-29,544536,2063,22426,7099,31588,17.238698239837912,14,686,6948,157,5461,3449,3752,2020,1275,433,235,417,7441,False
2020-09-30,471717,1855,18717,6311,26883,17.547037161031135,13,6979,6144,131,4430,3203,2991,1542,921,293,147,268,6813,False
2020-10-01,656040,2271,23851,7877,33999,19.2958616429895,14,6712,7558,210,5873,3543,4050,2183,1330,524,245,441,8042,False
2020-10-02,188885,874,8531,2639,12044,15.682912653603454,12,5597,2723,58,1749,1818,1063,575,320,129,55,83,3471,False
2020-10-03,477561,1466,15979,4151,21596,22.11340062974625,15,4349,4440,235,3423,2322,2529,1559,1070,498,264,553,4703,True
2020-10-04,158048,518,6544,1587,8649,18.27355763672101,12,2823,1783,89,1253,1331,756,417,290,120,70,164,2376,True
2020-10-05,446084,1711,18170,5502,25383,17.57412441397786,13,1749,5775,149,4128,3000,2745,1470,849,340,177,311,6439,False
2020-10-06,501989,2020,21254,6994,30268,16.58480903924937,13,764,6889,133,4969,3453,3562,1831,1088,394,187,290,7472,False
2020-10-07,637635,2178,23911,7729,33818,18.85489975752558,14,8716,7419,222,5854,3674,3901,2227,1283,508,318,460,7952,False
2020-10-08,508353,1975,20102,6763,28840,17.626664355062413,13,7105,6527,135,4852,3377,3209,1670,1015,377,176,319,7183,False
2020-10-09,545735,1991,20517,6520,29028,18.800296265674522,13,6070,6362,152,4811,3546,3210,1697,1096,442,184,434,7094,False
2020-10-10,804953,2348,24997,7006,34351,23.43317516229513,16,3813,6683,419,5656,3270,4261,2723,2043,986,515,1153,6642,True
2020-10-11,839310,1997,25295,6334,33626,24.960149884018318,17,3163,6223,555,5559,2787,4623,2788,2024,1008,739,1364,5956,True
2020-10-12,348365,1422,14708,4937,21067,16.536051644752458,13,1688,4844,88,3447,2591,2191,1129,664,256,118,164,5575,False
2020-10-13,316096,1393,14218,5047,20658,15.301384451544196,13,786,4852,50,3320,2690,2148,1105,608,218,110,174,5383,False
2020-10-14,530329,1912,20410,6915,29237,18.138967746348804,14,5939,6465,151,4980,3442,3322,1806,1098,384,213,357,7019,False
2020-10-15,514670,2019,20747,7011,29777,17.284145481411826,13,3753,6722,141,4991,3451,3478,1781,999,386,208,294,7326,False
2020-10-16,649910,2295,23650,7484,33429,19.441502886715128,14,6170,7166,256,5621,3676,4060,2103,1342,571,283,542,7809,False
2020-10-17,803254,2155,24688,6839,33682,23.848168161035566,16,4557,6352,466,5684,3241,4399,2753,1997,917,555,1209,6109,True
2020-10-18,775198,1748,23562,5802,31112,24.91636667523785,17,2859,5859,591,5127,2694,4364,2600,1886,908,542,1199,5342,True
2020-10-19,524397,1979,20306,6587,28872,18.162822111388195,14,1604,6179,200,4906,3383,3291,1774,1047,430,257,466,6939,False
2020-10-20,564323,2110,22686,7230,32026,17.620776868794106,14,1005,7133,185,5339,3534,3711,2055,1221,508,287,541,7512,False
2020-10-21,309452,1279,12264,4088,17631,17.551585275934432,12,8882,3804,87,2800,2419,1758,954,542,175,92,175,4825,False
2020-10-22,634903,2160,22063,7396,31619,20.079793794870174,14,7342,6998,242,5314,3617,3575,1911,1218,463,275,473,7533,False
2020-10-23,639189,2163,22812,6943,31918,20.025972805313618,14,6630,6841,261,5348,3595,3716,1982,1287,506,261,631,7490,False
2020-10-24,595679,1636,19064,5220,25920,22.98144290123457,15,4492,5032,291,4469,2655,3207,1832,1389,614,409,644,5378,True
2020-10-25,649326,1498,20328,5194,27020,24.031310140636567,17,3225,5076,406,4515,2416,3491,2166,1663,797,489,1016,4985,True
2020-10-26,576277,2072,20869,6260,29201,19.734837848018902,14,2003,6041,284,4823,3352,3433,1924,1171,548,339,667,6619,False
2020-10-27,343803,1489,14624,4987,21100,16.29398104265403,13,755,4583,82,3402,2765,2245,1170,706,248,138,305,5456,False
2020-10-28,512929,2055,18948,6396,27399,18.72071973429687,14,4955,5964,180,4515,3228,3101,1670,1025,412,244,420,6640,False
2020-10-29,398671,1569,14899,5246,21714,18.360090264345583,13,2490,4889,189,3427,2613,2371,1257,733,291,170,374,5400,False
2020-10-30,608624,2027,20677,6391,29095,20.918508334765423,14,5693,6110,325,4731,3281,3128,1868,1275,563,352,667,6795,False
2020-10-31,549176,1699,16728,4564,22991,23.886564307772606,15,4245,4627,321,3631,2606,2656,1511,1153,559,299,698,4930,True
2020-11-01,532833,1449,19111,4685,25245,21.106476530005942,15,2782,4976,224,4180,2428,3216,1945,1291,604,357,700,5324,True
2020-11-02,457253,1933,19103,6304,27340,16.724689100219457,13,2273,6165,117,4441,3489,3014,1517,893,358,150,337,6859,False
2020-11-03,447944,1976,19588,6534,28098,15.942202291978077,13,801,6300,90,4559,3499,3037,1556,981,332,166,290,7288,False
2020-11-04,700790,2575,25818,8130,36523,19.187635188785148,14,6711,8236,239,6202,4019,4157,2359,1471,569,251,563,8457,False
2020-11-05,397077,1226,14340,3965,19531,20.330602631713685,14,6955,4256,178,3235,2239,2236,1292,726,330,201,398,4440,False
2020-11-06,461619,1457,15828,4328,21613,21.358395410169805,15,5616,4405,261,3623,2382,2677,1502,920,392,266,575,4610,False
2020-11-07,1340775,2047,30463,7349,39859,33.637948769412176,21,4842,5960,1556,6250,2382,5913,3985,3178,1691,1205,2892,4847,True
2020-11-08,974274,1549,24136,5141,30826,31.60559268150263,20,3573,4736,1067,4959,1893,4530,3042,2294,1201,844,2189,4071,True
2020-11-09,428614,1275,14378,4066,19719,21.73609209391957,15,1848,4152,260,3351,2044,2408,1321,770,363,216,533,4301,False
2020-11-10,500821,1639,17695,5055,24389,20.534708270121776,15,741,4880,292,4244,2449,3088,1746,1109,500,312,751,5018,False
2020-11-11,532305,1590,16710,5099,23399,22.749049104662593,15,9514,4799,251,4026,2456,2941,1584,970,422,267,594,5089,False
2020-11-12,572019,1607,18678,5256,25541,22.39610821815904,15,7165,5164,340,4296,2561,3221,1918,1069,600,339,796,5237,False
2020-11-13,614519,1836,18404,5205,25445,24.150874435056004,15,5823,5078,412,4147,2546,3093,1889,1178,587,377,824,5314,False
2020-11-14,445604,987,11213,3021,15221,29.27560607056041,16,5279,2831,363,2440,1489,1938,1170,891,403,270,589,2837,True
2020-11-15,631016,1164,17325,3873,22362,28.218227349968696,19,2748,3695,494,3532,1696,3144,2064,1513,857,594,1421,3352,True
2020-11-16,376122,1193,13638,4066,18897,19.90379425305604,14,2358,3871,163,3142,2120,2324,1232,766,325,221,442,4291,False
2020-11-17,458600,1469,16637,5004,23110,19.844223279965384,15,1191,4648,259,3985,2328,2965,1551,977,435,275,577,5110,False
2020-11-18,461874,1449,16451,4840,22740,20.31108179419525,15,5624,4846,245,3908,2406,2753,1508,905,422,248,482,5017,False
2020-11-19,396794,1367,14433,4421,20221,19.62286731615647,14,3657,4360,185,3382,2283,2435,1328,817,344,206,373,4508,False
2020-11-20,356019,1235,12991,3802,18028,19.74811404481917,14,3912,3656,159,2985,2125,2129,1154,650,301,196,401,4272,False
2020-11-21,1033234,2328,25475,7000,34803,29.688072867281555,19,3840,5455,1085,5746,2439,5068,3136,2552,1326,917,2117,4962,True
2020-11-22,1087410,1922,26545,6324,34791,31.255497111321894,21,2908,5256,1219,5554,2094,5273,3558,2700,1373,974,2414,4376,True
2020-11-23,442973,1399,15483,4558,21440,20.66105410447761,15,2114,4499,253,3668,2262,2656,1504,830,361,246,508,4653,False
2020-11-24,441888,1478,15865,5020,22363,19.759781782408442,15,745,4605,249,3853,2385,2829,1517,918,420,292,548,4747,False
2020-11-25,441436,1592,15334,4934,21860,20.19377859103385,14,7986,4610,201,3644,2384,2671,1479,820,363,214,422,5052,False
2020-11-26,529915,1639,16730,5074,23443,22.604402166958153,15,7372,4797,287,3973,2508,2897,1569,912,444,285,636,5135,False
2020-11-27,535940,1635,16670,5060,23365,22.93772736999786,15,5352,4583,367,4060,2370,2873,1622,1009,465,317,688,5011,False
2020-11-28,1097627,2276,24579,7021,33876,32.40131656630063,20,3529,5332,1267,5296,2330,4998,3119,2450,1360,825,2292,4607,True
2020-11-29,807120,1726,20020,4971,26717,30.209978665269304,19,2862,4347,786,4266,1846,3631,2343,1929,1023,683,1881,3982,True
2020-11-30,362983,1398,13327,4273,18998,19.106379618907255,14,1535,4041,173,3311,2122,2242,1161,627,331,181,386,4423,False
2020-12-01,413576,1465,15352,5020,21837,18.939231579429407,14,637,4663,208,3753,2307,2630,1479,880,397,186,507,4827,False
2020-12-02,439089,1690,16991,5673,24354,18.029440748952943,13,8760,5482,154,4058,2880,2808,1324,760,245,125,288,6230,False
2020-12-03,256113,1122,9935,3394,14451,17.722856549719744,12,6521,3322,67,2176,2041,1417,741,407,130,55,144,3951,False
2020-12-04,430908,1675,15746,4966,22387,19.248135078393712,13,5028,4971,205,3544,2859,2408,1246,798,303,160,338,5555,False
2020-12-05,777912,2006,22570,6438,31014,25.082607854517313,17,4152,5859,553,4877,2793,3974,2475,2049,939,613,1185,5697,True
2020-12-06,485378,1255,15042,4026,20323,23.883186537420656,16,2951,3913,314,3290,1954,2530,1541,1222,532,314,743,3970,True
2020-12-07,317643,1423,13745,4405,19573,16.228631277780615,13,1549,4488,67,3224,2528,2090,1041,577,237,113,197,5011,False
2020-12-08,348598,1527,14822,5042,21391,16.296479827965033,13,871,4885,103,3511,2664,2272,1174,660,272,123,239,5488,False
2020-12-09,415091,1633,15774,5351,22758,18.239344406362598,13,8828,5148,121,3831,2807,2446,1290,721,291,120,214,5769,False
2020-12-10,411864,1668,16048,5542,23258,17.708487402184193,13,6572,5301,124,3774,2885,2475,1261,735,266,137,231,6069,False
2020-12-11,524258,1832,17417,5431,24680,21.242220421393842,14,6570,5232,237,4012,2871,2905,1555,962,372,198,436,5900,False
2020-12-12,741094,2003,21015,5828,28846,25.691395687443666,16,4218,5402,466,4676,2761,3480,2180,1912,866,568,1173,5362,True
2020-12-13,297899,874,9730,2440,13044,22.838009812940815,14,3520,2598,144,2070,1557,1463,906,585,267,156,353,2945,True
2020-12-14,284478,1144,11229,3423,15796,18.009496074955685,13,1814,3502,81,2583,2088,1654,870,489,166,92,184,4087,False
2020-12-15,451508,1881,18219,5648,25748,17.535653254621717,14,676,5437,154,4254,2975,3052,1760,1037,406,212,367,6094,False
2020-12-16,335736,1205,12406,3764,17375,19.32293525179856,13,7855,3892,128,2855,2152,1775,971,532,214,141,275,4440,False
2020-12-17,485107,1451,16524,4724,22699,21.37129388959866,14,7453,4809,273,3874,2470,2680,1426,885,387,232,495,5168,False
2020-12-18,405846,1277,13207,3839,18323,22.14953883097746,14,5476,3828,241,2934,2305,1955,1032,688,335,176,488,4341,False
2020-12-19,392567,1190,12117,3115,16422,23.904944586530263,15,4156,3167,253,2612,1755,1933,1217,801,412,295,595,3382,True
2020-12-20,487364,1035,13082,3048,17165,28.392892513836294,18,1946,3019,431,2838,1289,2335,1534,1048,532,434,1015,2690,True
2020-12-21,226722,807,8083,2169,11059,20.501130301112216,14,2352,2249,113,1799,1300,1256,727,451,237,139,323,2465,False
2020-12-22,299704,955,10766,2838,14559,20.58547977196236,15,981,2879,169,2403,1568,1752,964,645,331,224,521,3103,False
2020-12-23,307608,924,9594,2523,13041,23.587761674718198,14,8914,2607,187,2039,1484,1539,834,520,276,134,401,3020,False
2020-12-24,407668,982,11573,2898,15453,26.381155762635085,16,5596,2869,282,2311,1703,1940,1155,805,415,271,696,3006,False
2020-12-25,632098,1066,13161,3224,17451,36.22130536931981,21,5435,2630,571,3039,806,2692,1804,1392,754,532,1404,1827,False
2020-12-26,406807,679,9597,2110,12386,32.84409817535928,20,3160,1896,439,1994,818,1747,1212,808,464,401,915,1692,True
2020-12-27,540043,1058,13330,3078,17466,30.91967250658422,20,3075,2588,485,2877,1116,2651,1695,1267,724,497,1300,2266,True
2020-12-28,333438,739,9535,2169,12443,26.797235393393876,18,1695,2041,261,2112,1068,1618,981,781,419,279,795,2088,False
2020-12-29,368659,882,10949,2547,14378,25.64049241897343,17,1264,2472,350,2268,1344,1812,1230,930,379,253,838,2502,False
2020-12-30,489038,978,12723,3181,16882,28.968013268570076,18,9540,2823,372,2601,1555,2230,1528,1052,562,381,983,2795,False
2020-12-31,428571,1016,10963,2853,14832,28.89502427184466,16,5858,2599,353,2201,1610,1766,1135,853,415,315,750,2835,False
2021-01-01,331553,660,8270,1899,10829,30.61713916335765,19,5774,1788,272,1788,776,1627,1047,680,414,241,683,1513,False
2021-01-02,523468,992,13255,3069,17316,30.23030723030723,19,4408,2842,438,2830,1316,2383,1641,1270,676,455,1133,2332,True
2021-01-03,384742,636,10474,2338,13448,28.60960737656157,19,2831,2206,306,2149,1040,1862,1136,933,542,351,822,2101,True
2021-01-04,192517,719,7432,2120,10271,18.74374452341544,14,1500,2160,84,1676,1296,1105,661,401,157,92,196,2443,False
2021-01-05,158280,624,6895,1905,9424,16.79541595925297,14,513,2036,42,1535,1210,1096,600,348,128,59,133,2237,False
2021-01-06,263004,745,9121,2371,12237,21.492522677126747,15,8095,2462,115,2018,1364,1520,869,570,293,158,311,2557,False
2021-01-07,262778,780,9159,2509,12448,21.110057840616967,14,7003,2610,109,2024,1432,1558,841,491,272,140,287,2684,False
2021-01-08,251587,681,8272,2311,11264,22.335493607954547,14,5834,2272,91,1865,1398,1337,729,431,201,105,228,2607,False
2021-01-09,568199,950,14810,3703,19463,29.19380362739557,19,4322,3098,503,3024,1383,2765,1835,1504,795,488,1239,2829,True
2021-01-10,384375,716,10480,2447,13643,28.17378875613868,18,3236,2242,292,2189,1125,1920,1187,903,500,310,828,2147,True
2021-01-11,226624,722,8413,2415,11550,19.62112554112554,14,1728,2427,99,1990,1350,1352,748,432,203,128,241,2580,False
2021-01-12,208979,707,8507,2393,11607,18.004566210045663,14,460,2376,67,2003,1427,1358,730,467,194,131,258,2596,False
2021-01-13,160377,531,6232,1749,8512,18.841282894736842,14,4307,1743,49,1413,1080,971,582,318,115,74,122,2045,False
2021-01-14,114140,436,4875,1361,6672,17.107314148681056,13,1645,1418,28,1122,880,740,399,208,84,45,90,1658,False
2021-01-15,313874,818,10264,2771,13853,22.657474915180828,15,5966,2782,137,2362,1542,1745,1014,622,260,156,349,2884,False
2021-01-16,318719,693,9277,2204,12174,26.18030228355512,17,4366,2272,198,2024,1043,1636,977,716,346,288,570,2104,True
2021-01-17,749435,1204,18801,4575,24580,30.489625711960944,21,2674,3687,741,4003,1422,3768,2568,1917,1012,680,1707,3075,True
2021-01-18,267214,806,9324,2713,12843,20.806197928832827,14,1501,2699,159,2091,1427,1577,879,492,240,146,303,2830,False
2021-01-19,237849,756,9301,2512,12569,18.923462487071365,14,1290,2667,110,2087,1442,1583,828,525,225,108,243,2751,False
2021-01-20,164202,607,6563,1946,9116,18.01250548486178,14,2797,1931,41,1514,1181,1050,570,341,113,65,155,2155,False
2021-01-21,331261,897,11009,3048,14954,22.15199946502608,15,5522,2994,178,2479,1583,1963,1091,703,264,159,395,3145,False
2021-01-22,387181,937,12438,3290,16665,23.233183318331832,16,5306,3194,240,2751,1614,2126,1316,817,373,238,590,3406,False
2021-01-23,730526,1271,18070,4796,24137,30.265815967187304,20,4331,3812,604,3973,1550,3561,2347,1813,999,606,1495,3377,True
2021-01-24,156420,370,4951,1239,6560,23.84451219512195,15,3285,1250,84,1078,709,833,481,321,149,103,215,1337,True
2021-01-25,269122,796,9577,2750,13123,20.50765830983769,15,1934,2655,133,2285,1387,1561,951,571,251,155,360,2814,False
2021-01-26,187923,680,7825,2257,10762,17.46171715294555,14,842,2265,68,1818,1365,1191,684,386,143,107,173,2562,False
2021-01-27,279835,719,9082,2585,12386,22.592846762473762,14,8972,2647,100,2075,1309,1554,807,486,226,145,243,2794,False
2021-01-28,310752,810,10045,2772,13627,22.804138842004843,15,4949,2796,150,2358,1423,1703,879,582,239,162,354,2981,False
2021-01-29,333823,992,10669,2993,14654,22.780333014876483,15,4169,2907,212,2402,1528,1905,1076,625,288,204,414,3093,False
2021-01-30,176837,514,5803,1506,7823,22.604755208999105,15,3134,1491,93,1213,884,851,519,399,225,120,291,1737,True
2021-01-31,470693,794,12719,2992,16505,28.518206604059376,19,3445,2780,336,2807,1194,2310,1535,1174,588,380,928,2473,True
2021-02-01,247535,765,9096,2552,12413,19.94159349069524,14,2223,2664,114,2132,1373,1512,858,490,194,105,230,2741,False
2021-02-02,271187,892,10423,2935,14250,19.030666666666665,15,1198,2934,111,2515,1497,1712,1083,549,263,175,339,3072,False
2021-02-03,278672,803,9267,2814,12884,21.629307668425955,14,6803,2626,111,2193,1481,1550,881,495,211,117,305,2914,False
2021-02-04,212435,671,8049,2336,11056,19.21445369030391,14,6677,2343,77,1874,1312,1242,699,412,171,120,178,2628,False
2021-02-05,483698,1224,14290,3758,19272,25.098484848484848,16,5226,3707,303,3283,1809,2477,1533,982,450,327,735,3666,False
2021-02-06,509337,903,14357,3575,18835,27.0420493761614,18,4424,3156,391,3075,1453,2682,1735,1301,612,442,944,3044,True
2021-02-07,137829,332,4811,1052,6195,22.248426150121066,14,2620,1217,69,1014,774,648,402,248,121,75,184,1443,True
2021-02-08,106558,455,4808,1368,6631,16.069672749208266,13,1812,1455,26,1075,878,712,380,212,72,44,54,1723,False
2021-02-09,114564,470,5132,1554,7156,16.009502515371715,13,642,1541,31,1188,973,726,422,224,88,34,75,1854,False
