,name,PUMA,pct_under_18,pct_over_65,median_age,pct_white,unemployment_rt,median_income,pct_w_children,bachelors_degree,pct_foreign_born,pct_poor_english,pct_detached_unit,pct_renter
0,"NYC-Bronx Community District 1 & 2--Hunts Point, Longwood & Melrose PUMA; New York",3710,27.9,8.8,30.5,2.0,11.8,24849,41.5,10.7,30.2,33.7,1.7,92.6
1,"NYC-Bronx Community District 10--Co-op City, Pelham Bay & Schuylerville PUMA; New York",3703,19.4,19.9,42.6,27.5,7.4,59798,28.1,27.9,21.3,11.9,14.6,53.9
2,"NYC-Bronx Community District 11--Pelham Parkway, Morris Park & Laconia PUMA; New York",3704,22.3,14.4,37.0,21.7,9.7,50877,35.5,24.8,33.6,22.7,10.4,69.4
3,"NYC-Bronx Community District 12--Wakefield, Williamsbridge & Woodlawn PUMA; New York",3702,22.3,13.2,36.7,6.3,9.9,51581,36.5,23.4,40.4,9.0,12.8,62.1
4,"NYC-Bronx Community District 3 & 6--Belmont, Crotona Park East & East Tremont PUMA; New York",3705,28.4,9.4,29.7,4.0,13.8,25595,42.3,13.2,31.4,27.5,2.4,93.1
5,"NYC-Bronx Community District 4--Concourse, Highbridge & Mount Eden PUMA; New York",3708,27.3,9.9,32.6,2.0,10.5,29938,39.1,15.6,42.9,34.4,1.3,93.2
6,"NYC-Bronx Community District 5--Morris Heights, Fordham South & Mount Hope PUMA; New York",3707,29.1,8.2,30.0,1.1,12.1,26976,43.7,12.3,42.8,36.4,1.8,96.3
7,"NYC-Bronx Community District 7--Bedford Park, Fordham North & Norwood PUMA; New York",3706,26.4,9.6,32.2,5.8,11.5,35535,40.2,16.6,44.5,35.2,2.0,93.7
8,"NYC-Bronx Community District 8--Riverdale, Fieldston & Kingsbridge PUMA; New York",3701,21.1,19.0,38.7,32.3,7.9,59995,29.9,40.3,34.2,20.6,5.6,67.8
9,"NYC-Bronx Community District 9--Castle Hill, Clason Point & Parkchester PUMA; New York",3709,24.5,12.5,34.6,2.9,10.3,40114,37.4,17.4,33.1,24.8,6.7,78.6
10,"NYC-Brooklyn Community District 10--Bay Ridge & Dyker Heights PUMA, New York",4013,19.6,16.6,40.0,54.6,6.1,67986,27.7,41.8,39.1,28.3,6.5,59.2
11,"NYC-Brooklyn Community District 11--Bensonhurst & Bath Beach PUMA, New York",4017,21.3,15.6,38.9,40.2,6.7,53198,35.0,30.5,55.7,47.3,6.2,64.6
12,"NYC-Brooklyn Community District 12--Borough Park, Kensington & Ocean Parkway PUMA; New York",4014,36.8,12.1,28.0,71.1,5.4,47294,43.2,28.5,28.7,32.6,8.7,64.9
13,"NYC-Brooklyn Community District 13--Brighton Beach & Coney Island PUMA, New York",4018,19.9,23.9,44.6,55.9,8.6,38065,27.2,38.6,52.3,43.5,3.5,70.6
14,"NYC-Brooklyn Community District 14--Flatbush & Midwood PUMA, New York",4015,25.1,13.1,34.6,40.8,6.8,55569,33.2,38.0,41.6,27.7,11.0,76.9
15,"NYC-Brooklyn Community District 15--Sheepshead Bay, Gerritsen Beach & Homecrest PUMA; New York",4016,22.0,18.3,40.3,65.5,6.2,60814,30.8,40.2,49.4,32.7,13.8,53.5
16,"NYC-Brooklyn Community District 16--Brownsville & Ocean Hill PUMA, New York",4007,24.4,11.5,34.7,2.6,12.9,28862,31.1,14.4,30.3,9.6,1.7,82.2
17,"NYC-Brooklyn Community District 17--East Flatbush, Farragut & Rugby PUMA; New York",4010,21.2,15.9,38.8,2.7,6.9,52291,31.1,24.8,52.2,8.9,6.3,65.3
18,"NYC-Brooklyn Community District 18--Canarsie & Flatlands PUMA, New York",4009,23.4,14.9,38.3,22.7,6.6,74840,35.8,31.8,40.5,14.5,14.0,41.5
19,"NYC-Brooklyn Community District 1--Greenpoint & Williamsburg PUMA, New York",4001,22.0,9.6,31.8,63.0,5.2,71248,23.2,49.6,22.9,22.5,1.6,83.7
20,"NYC-Brooklyn Community District 2--Brooklyn Heights & Fort Greene PUMA, New York",4004,17.9,10.7,34.6,46.4,6.6,93434,23.3,62.9,19.4,9.5,1.5,68.5
21,"NYC-Brooklyn Community District 3--Bedford-Stuyvesant PUMA, New York",4003,25.3,10.1,31.2,26.0,8.8,47706,30.0,33.8,19.8,12.1,1.6,77.1
22,"NYC-Brooklyn Community District 4--Bushwick PUMA, New York",4002,20.5,9.1,30.5,18.9,8.3,47569,28.2,29.0,30.8,30.1,1.4,86.8
23,"NYC-Brooklyn Community District 5--East New York & Starrett City PUMA, New York",4008,25.9,11.5,34.1,3.7,7.8,37999,37.0,14.8,35.5,15.7,3.4,76.1
24,"NYC-Brooklyn Community District 6--Park Slope, Carroll Gardens & Red Hook PUMA; New York",4005,21.2,10.4,35.9,64.1,5.3,122002,30.1,73.0,16.7,8.1,2.4,61.8
25,"NYC-Brooklyn Community District 7--Sunset Park & Windsor Terrace PUMA, New York",4012,24.0,10.3,34.5,24.4,5.8,55317,38.9,29.6,46.2,48.2,2.4,72.2
26,"NYC-Brooklyn Community District 8--Crown Heights North & Prospect Heights PUMA, New York",4006,19.3,11.3,34.4,22.3,6.8,52917,25.8,41.2,28.6,8.7,1.4,81.3
27,"NYC-Brooklyn Community District 9--Crown Heights South, Prospect Lefferts & Wingate PUMA; New York",4011,21.4,13.8,34.6,22.8,8.2,50765,27.7,32.4,40.2,11.6,2.0,84.3
28,"NYC-Manhattan Community District 1 & 2--Battery Park City, Greenwich Village & Soho PUMA; New York",3810,12.7,12.8,35.8,72.2,3.8,140213,15.9,82.2,23.3,6.2,1.5,69.0
29,"NYC-Manhattan Community District 10--Central Harlem PUMA, New York",3803,20.4,10.4,35.0,14.2,9.7,47341,26.5,38.6,23.4,11.3,1.1,87.6
30,"NYC-Manhattan Community District 11--East Harlem PUMA, New York",3804,20.4,12.9,35.3,13.7,9.8,33564,26.9,31.4,23.5,20.0,0.4,93.0
31,"NYC-Manhattan Community District 12--Washington Heights, Inwood & Marble Hill PUMA; New York",3801,17.4,14.1,35.8,18.9,9.2,52051,27.0,33.3,46.4,37.9,1.0,90.6
32,"NYC-Manhattan Community District 3--Chinatown & Lower East Side PUMA, New York",3809,11.4,17.9,38.6,33.3,6.3,43705,14.5,43.3,34.5,28.6,0.6,88.3
33,"NYC-Manhattan Community District 4 & 5--Chelsea, Clinton & Midtown Business District PUMA; New York",3807,8.2,13.4,37.5,59.1,4.7,104801,9.3,74.1,30.8,9.7,1.2,76.5
34,"NYC-Manhattan Community District 6--Murray Hill, Gramercy & Stuyvesant Town PUMA; New York",3808,8.8,18.2,36.9,69.7,3.4,117921,10.5,80.5,23.2,5.8,1.6,66.5
35,"NYC-Manhattan Community District 7--Upper West Side & West Side PUMA, New York",3806,15.5,20.6,43.1,68.0,4.7,117421,17.8,77.0,22.1,8.4,1.3,63.2
36,"NYC-Manhattan Community District 8--Upper East Side PUMA, New York",3805,14.6,20.8,40.5,75.3,2.8,120868,17.0,80.5,23.6,6.1,1.1,62.7
37,"NYC-Manhattan Community District 9--Hamilton Heights, Manhattanville & West Harlem PUMA; New York",3802,15.1,12.4,32.3,27.6,6.3,50867,23.4,45.4,34.6,20.8,1.1,84.5
38,"NYC-Queens Community District 10--Howard Beach & Ozone Park PUMA, New York",4113,20.8,14.1,40.0,21.5,7.6,72400,38.4,22.4,45.0,13.0,39.5,34.2
39,"NYC-Queens Community District 11--Bayside, Douglaston & Little Neck PUMA; New York",4104,18.4,20.4,45.4,39.4,4.4,82805,27.7,42.1,43.6,29.4,35.5,29.7
40,"NYC-Queens Community District 12--Jamaica, Hollis & St. Albans PUMA; New York",4112,22.4,13.3,37.4,1.8,9.0,62228,37.9,21.4,42.4,14.2,33.2,50.6
41,"NYC-Queens Community District 13--Queens Village, Cambria Heights & Rosedale PUMA; New York",4105,19.9,16.6,40.7,10.9,6.9,85266,34.8,29.8,42.2,12.4,53.1,27.6
42,"NYC-Queens Community District 14--Far Rockaway, Breezy Point & Broad Channel PUMA; New York",4114,27.2,14.1,35.7,34.2,8.6,53968,36.0,29.8,26.7,13.7,23.9,63.0
43,"NYC-Queens Community District 1--Astoria & Long Island City PUMA, New York",4101,14.5,13.0,35.1,48.3,6.4,63592,18.7,46.4,39.7,24.8,2.3,81.4
44,"NYC-Queens Community District 2--Sunnyside & Woodside PUMA, New York",4109,16.8,12.5,38.1,28.9,4.2,66705,24.8,39.9,53.9,39.5,3.0,71.4
45,"NYC-Queens Community District 3--Jackson Heights & North Corona PUMA, New York",4102,22.2,12.7,36.5,10.4,5.3,55852,37.3,20.3,59.4,47.7,5.5,64.5
46,"NYC-Queens Community District 4--Elmhurst & South Corona PUMA, New York",4107,22.6,12.1,36.0,6.2,4.8,49078,37.2,22.1,62.8,52.0,5.5,75.0
47,"NYC-Queens Community District 5--Ridgewood, Glendale & Middle Village PUMA; New York",4110,21.9,12.4,37.2,51.7,5.0,73644,34.5,28.4,39.5,22.9,7.7,57.8
48,"NYC-Queens Community District 6--Forest Hills & Rego Park PUMA, New York",4108,17.2,20.5,43.0,47.7,4.4,74618,21.2,57.2,50.0,25.9,7.9,53.3
49,"NYC-Queens Community District 7--Flushing, Murray Hill & Whitestone PUMA; New York",4103,17.6,19.1,43.7,25.4,4.3,54386,28.1,26.4,56.9,49.1,19.3,52.5
50,"NYC-Queens Community District 8--Briarwood, Fresh Meadows & Hillcrest PUMA; New York",4106,20.6,14.9,38.3,29.9,8.2,65679,30.6,39.6,46.4,27.0,20.4,53.7
51,"NYC-Queens Community District 9--Richmond Hill & Woodhaven PUMA, New York",4111,21.8,12.1,36.8,18.0,6.5,67914,37.8,27.0,51.1,25.7,17.7,53.7
52,"NYC-Staten Island Community District 1--Port Richmond, Stapleton & Mariner's Harbor PUMA; New York",3903,23.1,13.1,37.0,37.7,5.2,64666,35.7,31.2,25.1,12.7,31.2,43.6
53,"NYC-Staten Island Community District 2--New Springville & South Beach PUMA, New York",3902,21.5,16.9,41.4,66.1,5.0,81479,34.9,33.6,28.7,13.8,34.1,28.7
54,"NYC-Staten Island Community District 3--Tottenville, Great Kills & Annadale PUMA; New York",3901,21.4,16.8,41.8,82.9,4.6,91431,35.3,34.1,15.9,6.8,39.4,17.8
